ANO,CO_MUNICIPIO,NO_MUNICIPIO,QTD_ALUNOS_INSE,MEDIA_INSE,TDI_ANOS_FINAIS,MEDIA_ALUNOS_TURMA_ANOS_FINAIS,PERC_ESCOLAS_BAIXA_REGULARIDADE_DOCENTE,PERC_ESCOLAS_MEDIA_BAIXA_REGULARIDADE_DOCENTE,PERC_ESCOLAS_MEDIA_ALTA_REGULARIDADE_DOCENTE,PERC_ESCOLAS_ALTA_REGULARIDADE_DOCENTE,TAXA_ABANDONO_ANOS_FINAIS
2023,3136959,Juvenília,228,4.4254,8.8,17.5,0.0,18.2,54.5,27.3,0.8
2023,3136900,Juruaia,306,5.185,17.4,31.6,14.3,42.9,42.8,0.0,3.4
2023,3136702,Juiz de Fora,9283,5.1931,19.2,24.9,11.1,58.9,27.2,2.8,1.2
2023,3136652,Juatuba,966,5.1363,8.0,24.2,23.5,52.9,11.8,11.8,0.1
2023,3136603,Nova União,191,5.0039,22.5,28.8,0.0,20.0,80.0,0.0,0.6
2023,3136579,Josenópolis,174,4.3021,14.9,30.6,16.7,66.7,16.6,0.0,2.6
2023,3136553,José Raydan,143,4.6396,4.8,20.8,0.0,62.5,37.5,0.0,0.9
2023,3136520,José Gonçalves de Minas,130,4.4413,8.0,20.0,0.0,83.3,16.7,0.0,0.0
2023,3136405,Joaquim Felício,123,4.6601,23.8,22.7,0.0,0.0,66.7,33.3,0.0
2023,3136306,João Pinheiro,1430,4.9163,5.4,22.3,0.0,29.6,63.0,7.4,1.4
2023,3136207,João Monlevade,2014,5.3298,5.2,32.3,4.5,31.8,63.7,0.0,0.6
2023,3136108,Joanésia,83,4.9743,8.2,17.9,0.0,57.1,42.9,0.0,0.0
2023,3136009,Joaíma,423,4.2962,12.2,22.8,11.1,27.8,27.8,33.3,4.5
2023,3135902,Jesuânia,149,5.042,23.1,25.0,0.0,0.0,66.7,33.3,3.1
2023,3135803,Jequitinhonha,638,4.408,7.9,22.6,16.7,33.3,41.7,8.3,2.8
2023,3135704,Jequitibá,164,4.5925,8.9,20.1,0.0,0.0,100.0,0.0,1.3
2023,3135605,Jequitaí,211,4.6182,15.4,23.9,0.0,20.0,60.0,20.0,2.3
2023,3135456,Jenipapo de Minas,228,4.2419,3.2,28.1,31.3,43.8,24.9,0.0,0.8
2023,3135357,Japonvar,290,4.5578,5.4,15.5,0.0,20.0,80.0,0.0,0.3
2023,3135308,Japaraíba,140,5.1369,0.7,22.3,16.7,0.0,66.7,16.6,0.0
2023,3135209,Januária,2154,4.5205,10.6,21.5,13.8,39.1,35.6,11.5,2.1
2023,3135100,Janaúba,2121,4.6924,7.0,28.0,9.3,46.5,41.9,2.3,1.0
2023,3135076,Jampruca,124,4.56,29.0,29.5,0.0,20.0,60.0,20.0,0.0
2023,3135050,Jaíba,1232,4.5333,6.9,24.6,10.0,66.7,23.3,0.0,2.4
2023,3135001,Jaguaraçu,67,5.09,8.3,16.5,0.0,80.0,20.0,0.0,0.7
2023,3134905,Jacutinga,652,5.2445,11.1,27.4,0.0,25.0,68.8,6.2,0.2
2023,3134806,Jacuí,243,5.1983,12.1,30.5,0.0,33.3,66.7,0.0,0.5
2023,3134608,Jaboticatubas,570,5.098,12.1,30.7,7.1,21.4,71.5,0.0,1.1
2023,3134509,Itutinga,115,5.0757,17.4,24.4,0.0,33.3,66.7,0.0,0.5
2023,3134400,Iturama,985,5.1096,13.6,25.5,0.0,44.4,55.6,0.0,0.0
2023,3134301,Itumirim,200,4.9431,12.4,20.4,0.0,25.0,50.0,25.0,1.7
2023,3134202,Ituiutaba,2250,5.192,9.4,26.3,0.0,33.3,66.7,0.0,0.4
2023,3134103,Itueta,131,5.0901,8.7,22.2,25.0,37.5,25.0,12.5,0.7
2023,3133808,Itaúna,2104,5.3685,5.4,27.6,13.2,39.5,44.7,2.6,0.8
2023,3133758,Itaú de Minas,320,5.3144,8.0,24.9,0.0,12.5,87.5,0.0,0.4
2023,3133709,Itatiaiuçu,415,5.3033,6.6,23.4,0.0,60.0,40.0,0.0,0.4
2023,3133600,Itapeva,369,5.3668,20.0,25.3,0.0,50.0,50.0,0.0,0.3
2023,3133402,Itapagipe,348,5.2885,21.1,34.2,0.0,11.1,88.9,0.0,2.5
2023,3133303,Itaobim,576,4.6582,14.5,28.2,14.3,35.7,50.0,0.0,3.5
2023,3133204,Itanhomi,261,5.0937,13.5,22.2,11.1,22.2,66.7,0.0,4.2
2023,3133105,Itanhandu,387,5.215,10.7,30.5,12.5,12.5,50.0,25.0,0.5
2023,3133006,Itamonte,341,5.2339,14.5,27.5,12.5,0.0,87.5,0.0,0.6
2023,3132909,Itamogi,293,5.1246,5.5,34.2,11.1,33.3,55.6,0.0,0.0
2023,3132800,Itambé do Mato Dentro,60,4.7044,6.7,30.0,0.0,50.0,50.0,0.0,0.8
2023,3132701,Itambacuri,609,4.5825,21.0,23.5,14.3,38.1,47.6,0.0,2.8
2023,3132503,Itamarandiba,1162,4.7578,5.9,25.1,19.4,33.3,44.4,2.9,1.3
2023,3132305,Itaipé,355,4.5715,34.1,24.3,25.0,41.7,33.3,0.0,4.8
2023,3132107,Itacarambi,630,4.5681,12.3,23.0,10.5,26.3,42.1,21.1,1.8
2023,3132008,Itacambira,113,4.2127,3.3,14.8,0.0,66.7,33.3,0.0,0.0
2023,3131901,Itabirito,1589,5.4049,18.9,26.7,0.0,15.6,81.3,3.1,2.3
2023,3131802,Itabirinha,287,5.023,17.9,28.5,45.5,36.4,18.1,0.0,0.0
2023,3131703,Itabira,2978,5.276,12.4,27.7,14.9,31.9,51.1,2.1,0.8
2023,3131604,Iraí de Minas,223,4.9849,13.6,31.4,0.0,50.0,16.7,33.3,1.4
2023,3131505,Ipuiúna,205,5.0683,6.4,31.2,0.0,33.3,66.7,0.0,4.0
2023,3131406,Ipiaçu,93,5.0418,10.6,23.6,0.0,25.0,50.0,25.0,0.0
2023,3131307,Ipatinga,5908,5.2819,8.6,29.4,2.9,65.7,30.0,1.4,1.0
2023,3131158,Ipaba,525,5.0178,5.8,26.5,18.2,45.5,36.3,0.0,1.9
2023,3131109,Inimutaba,213,4.567,16.2,28.8,44.4,22.2,33.4,0.0,2.0
2023,3131000,Inhaúma,194,5.0222,21.2,27.6,0.0,0.0,80.0,20.0,0.5
2023,3130903,Inhapim,530,4.9723,6.8,19.9,3.3,46.7,40.0,10.0,0.5
2023,3130804,Ingaí,96,5.0537,29.9,22.8,0.0,50.0,50.0,0.0,4.5
2023,3130705,Indianópolis,156,5.2831,23.2,20.4,0.0,16.7,83.3,0.0,0.0
2023,3130655,Indaiabira,233,4.3425,3.0,18.5,25.0,58.3,16.7,0.0,0.3
2023,3130606,Inconfidentes,256,5.2996,10.2,29.5,16.7,16.7,66.6,0.0,1.7
2023,3130556,Imbé de Minas,163,4.9184,9.3,23.6,20.0,50.0,30.0,0.0,1.9
2023,3130507,Ilicínea,389,5.1167,5.9,23.2,0.0,25.0,75.0,0.0,1.5
2023,3130408,Ijaci,217,5.2119,7.1,29.5,0.0,66.7,33.3,0.0,1.9
2023,3130309,Iguatama,159,5.1564,8.9,31.4,20.0,60.0,20.0,0.0,5.2
2023,3130200,Igaratinga,281,5.1782,8.8,26.9,0.0,75.0,25.0,0.0,2.9
2023,3130101,Igarapé,1494,5.2493,14.4,30.6,8.3,62.5,29.2,0.0,1.4
2023,3130051,Icaraí de Minas,334,4.3288,8.6,22.1,5.6,33.3,33.3,27.8,2.2
2023,3130002,Ibituruna,71,4.9276,10.7,30.5,0.0,0.0,100.0,0.0,0.8
2023,3129905,Ibitiúra de Minas,104,5.1384,3.4,22.3,0.0,33.3,66.7,0.0,0.6
2023,3129806,Ibirité,4301,5.2122,9.7,28.3,0.0,22.6,73.6,3.8,1.7
2023,3129707,Ibiraci,359,5.3474,6.7,30.8,0.0,42.9,57.1,0.0,2.9
2023,3129608,Ibiaí,222,4.4953,13.1,23.0,0.0,55.6,33.3,11.1,3.0
2023,3129509,Ibiá,410,5.2026,20.6,21.9,0.0,5.9,76.5,17.6,7.4
2023,3129301,Iapu,282,4.9837,10.4,24.8,12.5,25.0,50.0,12.5,0.0
2023,3129202,Heliodora,201,5.1632,16.3,28.6,0.0,0.0,100.0,0.0,2.4
2023,3129103,Gurinhatã,100,5.127,12.8,19.5,0.0,16.7,83.3,0.0,2.3
2023,3128907,Guimarânia,210,5.0717,12.9,26.3,0.0,0.0,83.3,16.7,1.9
2023,3128808,Guidoval,216,4.9996,12.4,29.5,25.0,0.0,75.0,0.0,1.7
2023,3128709,Guaxupé,1094,5.1398,13.2,29.6,4.8,19.0,47.6,28.6,2.3
2023,3128600,Guarda-Mor,221,5.1184,11.8,25.5,16.7,0.0,66.7,16.6,2.6
2023,3128501,Guarará,128,5.1643,26.2,24.4,0.0,66.7,33.3,0.0,0.0
2023,3128402,Guarani,236,4.908,12.7,32.1,0.0,20.0,80.0,0.0,1.1
2023,3128303,Guaranésia,461,5.1897,13.6,24.9,10.0,10.0,50.0,30.0,0.3
2023,3128253,Guaraciama,179,4.6177,4.8,30.1,0.0,33.3,66.7,0.0,0.4
2023,3128105,Guapé,381,5.1679,7.9,27.0,11.1,44.4,44.5,0.0,4.7
2023,3128006,Guanhães,808,4.9246,7.0,24.8,6.3,31.3,62.4,0.0,1.9
2023,3127909,Grupiara,38,5.0608,4.5,22.0,0.0,0.0,50.0,50.0,0.0
2023,3127800,Grão Mogol,456,4.498,8.0,25.4,5.3,21.1,47.4,26.2,1.5
2023,3127701,Governador Valadares,6168,5.1156,14.3,27.0,6.8,65.0,27.2,1.0,2.3
2023,3127404,Gonçalves,127,5.2616,17.0,28.6,0.0,0.0,100.0,0.0,1.3
2023,3127370,Goiabeira,77,5.0004,14.6,22.3,0.0,0.0,66.7,33.3,0.0
2023,3127354,Glaucilândia,71,4.8105,4.8,20.6,0.0,14.3,85.7,0.0,1.2
2023,3127339,Gameleiras,185,4.5734,2.7,13.6,0.0,33.3,50.0,16.7,0.7
2023,3127305,Galiléia,135,5.0687,10.8,24.9,0.0,28.6,42.9,28.5,0.3
2023,3127107,Frutal,1475,5.1652,13.4,26.2,0.0,8.7,87.0,4.3,1.5
2023,3127008,Fronteira,399,5.0937,7.9,30.4,11.1,0.0,77.8,11.1,2.0
2023,3126950,Frei Lagonegro,108,4.6893,6.9,17.8,12.5,0.0,75.0,12.5,2.3
2023,3126901,Frei Inocêncio,228,5.0245,21.2,23.4,25.0,50.0,25.0,0.0,3.6
2023,3126802,Frei Gaspar,183,4.6577,23.7,21.8,0.0,40.0,60.0,0.0,5.8
2023,3126752,Franciscópolis,109,4.4645,9.4,23.1,16.7,50.0,33.3,0.0,0.7
2023,3126703,Francisco Sá,614,4.5075,5.7,25.7,4.5,54.5,41.0,0.0,1.5
2023,3126604,Francisco Dumont,130,4.7682,4.8,24.1,0.0,40.0,60.0,0.0,0.0
2023,3126505,Francisco Badaró,174,4.4234,5.2,19.1,29.4,35.3,23.5,11.8,0.3
2023,3126307,Fortaleza de Minas,80,5.249,11.0,18.1,0.0,33.3,66.7,0.0,0.8
2023,3126208,Formoso,313,4.6979,10.9,23.0,0.0,33.3,66.7,0.0,2.1
2023,3126109,Formiga,1543,5.3176,5.3,23.9,28.6,42.9,28.5,0.0,0.0
2023,3126000,Florestal,289,5.4276,12.7,30.3,0.0,0.0,100.0,0.0,0.3
2023,3125952,Fervedouro,314,4.6013,15.8,21.6,30.8,46.2,23.0,0.0,1.4
2023,3125903,Ferros,236,4.6225,6.2,21.8,31.6,31.6,36.8,0.0,0.2
2023,3125804,Fernandes Tourinho,52,4.8222,9.4,32.0,0.0,33.3,66.7,0.0,7.9
2023,3125705,Felixlândia,384,4.8622,19.9,24.2,0.0,30.8,53.8,15.4,1.4
2023,3125606,Felisburgo,186,4.399,18.5,22.8,22.2,0.0,66.7,11.1,2.0
2023,3125507,São Gonçalo do Rio Preto,105,4.8369,3.8,19.8,0.0,0.0,100.0,0.0,0.0
2023,3125309,Faria Lemos,86,4.6952,28.1,20.9,0.0,60.0,40.0,0.0,1.2
2023,3125200,Fama,60,5.3098,11.9,16.9,0.0,33.3,66.7,0.0,0.0
2023,3125101,Extrema,1615,5.3358,12.5,25.5,30.0,60.0,10.0,0.0,0.0
2023,3125002,Ewbank da Câmara,136,4.8898,21.3,25.4,0.0,0.0,75.0,25.0,1.3
2023,3124906,Eugenópolis,214,4.9918,14.7,18.6,12.5,12.5,50.0,25.0,1.1
2023,3124807,Estrela do Sul,175,5.2458,3.3,23.0,0.0,10.0,70.0,20.0,0.0
2023,3124708,Estrela do Indaiá,50,4.9203,14.9,25.3,0.0,50.0,50.0,0.0,0.0
2023,3124500,Estiva,288,5.2937,7.5,28.7,0.0,14.3,85.7,0.0,1.6
2023,3124401,Espírito Santo do Dourado,215,4.8296,8.1,26.7,0.0,16.7,83.3,0.0,0.7
2023,3124302,Espinosa,954,4.5773,5.8,27.9,4.8,38.1,38.1,19.0,0.0
2023,3124203,Espera Feliz,580,4.9357,12.3,22.6,25.0,20.8,45.8,8.4,1.2
2023,3124005,Ervália,524,4.8005,6.4,30.7,9.1,63.6,27.3,0.0,0.5
2023,3123908,Entre Rios de Minas,430,5.2372,17.4,22.4,8.3,8.3,75.0,8.4,1.1
2023,3123858,Entre Folhas,191,4.8766,14.1,29.0,0.0,0.0,66.7,33.3,0.4
2023,3123809,Engenheiro Navarro,207,4.8659,6.3,27.4,0.0,50.0,50.0,0.0,0.8
2023,3123601,Elói Mendes,644,5.2831,16.5,24.5,0.0,6.3,75.0,18.7,4.4
2023,3123528,Durandé,177,4.6644,7.3,26.4,0.0,16.7,33.3,50.0,1.0
2023,3123502,Douradoquara,57,5.3403,3.1,24.0,0.0,0.0,100.0,0.0,0.0
2023,3123403,Doresópolis,54,5.1891,4.1,14.8,0.0,33.3,33.3,33.4,1.3
2023,3123205,Dores do Indaiá,293,5.0813,9.8,22.3,16.7,0.0,83.3,0.0,2.2
2023,3123106,Dores de Guanhães,223,4.6133,12.3,20.0,0.0,50.0,50.0,0.0,0.4
2023,3123007,Dores de Campos,226,5.2619,19.8,28.6,0.0,66.7,33.3,0.0,9.3
2023,3122900,Dona Euzébia,195,4.9842,13.7,24.4,0.0,50.0,50.0,0.0,3.5
2023,3122702,Dom Silvério,119,5.1134,6.2,28.1,0.0,0.0,33.3,66.7,0.9
2023,3122504,Dom Cavati,137,5.164,8.0,29.0,0.0,33.3,66.7,0.0,4.2
2023,3122470,Dom Bosco,140,4.8663,4.7,17.8,20.0,40.0,20.0,20.0,0.0
2023,3122454,Divisópolis,259,4.5386,17.1,33.5,28.6,14.3,42.9,14.2,4.3
2023,3122306,Divinópolis,5237,5.4001,7.1,26.4,10.6,68.2,21.2,0.0,0.3
2023,3122207,Divinolândia de Minas,215,4.8973,13.9,29.3,0.0,0.0,100.0,0.0,6.3
2023,3122108,Divino das Laranjeiras,102,5.0039,12.6,14.4,12.5,50.0,37.5,0.0,0.8
2023,3122009,Divino,528,4.7064,14.6,25.0,28.6,28.6,38.1,4.7,2.2
2023,3121902,Divinésia,123,5.026,13.2,29.4,0.0,33.3,33.3,33.4,1.8
2023,3121803,Dionísio,160,4.9984,7.1,23.4,0.0,0.0,100.0,0.0,0.0
2023,3121704,Diogo de Vasconcelos,106,4.6926,22.2,14.5,0.0,33.3,66.7,0.0,1.6
2023,3121605,Diamantina,1383,4.9603,10.9,22.9,0.0,44.1,52.9,3.0,2.4
2023,3121506,Desterro do Melo,96,5.0663,23.3,22.5,0.0,33.3,33.3,33.4,0.0
2023,3121308,Descoberto,133,5.1546,21.3,27.0,25.0,0.0,75.0,0.0,0.0
2023,3121258,Delta,338,5.0466,20.1,25.8,0.0,20.0,80.0,0.0,0.0
2023,3121209,Delfinópolis,275,5.1931,11.0,24.0,0.0,37.5,62.5,0.0,4.5
2023,3121100,Delfim Moreira,199,5.0437,3.6,23.1,0.0,16.7,83.3,0.0,0.2
2023,3121001,Datas,227,4.7799,3.6,22.5,14.3,42.9,42.8,0.0,0.8
2023,3120904,Curvelo,2409,4.9651,13.5,27.8,0.0,32.4,56.8,10.8,2.0
2023,3120870,Curral de Dentro,299,4.6747,8.9,30.8,0.0,37.5,50.0,12.5,2.8
2023,3120839,Cuparaque,116,5.0265,14.3,21.5,33.3,33.3,33.4,0.0,2.6
2023,3120805,Cruzília,406,5.0913,12.3,24.6,0.0,0.0,100.0,0.0,0.6
2023,3120706,Cruzeiro da Fortaleza,177,5.1826,12.7,18.3,0.0,33.3,66.7,0.0,1.1
2023,3120607,Crucilândia,154,5.1915,5.8,29.3,0.0,0.0,100.0,0.0,0.0
2023,3120409,Cristiano Otoni,149,5.2865,19.9,22.4,0.0,20.0,60.0,20.0,2.5
2023,3120300,Cristália,186,4.5486,4.7,21.2,0.0,16.7,50.0,33.3,0.5
2023,3120201,Cristais,292,5.1082,8.7,23.9,12.5,25.0,62.5,0.0,0.4
2023,3120151,Crisólita,147,4.4034,24.1,22.8,0.0,66.7,33.3,0.0,2.6
2023,3120102,Couto de Magalhães de Minas,141,4.7261,4.9,24.4,0.0,20.0,80.0,0.0,0.0
2023,3120003,Córrego Novo,112,4.8593,13.9,21.6,0.0,66.7,33.3,0.0,1.2
2023,3119955,Córrego Fundo,150,5.1939,3.8,23.8,0.0,50.0,50.0,0.0,0.4
2023,3119807,Córrego Danta,71,4.9755,3.6,28.0,0.0,60.0,40.0,0.0,0.9
2023,3119708,Coronel Xavier Chaves,115,5.3506,23.8,29.9,0.0,0.0,100.0,0.0,0.0
2023,3119609,Coronel Pacheco,68,5.0677,21.8,22.2,0.0,50.0,50.0,0.0,3.1
2023,3119500,Coronel Murta,268,4.443,6.9,21.4,0.0,37.5,62.5,0.0,1.4
2023,3119401,Coronel Fabriciano,2243,5.1445,10.0,28.2,0.0,42.9,54.3,2.8,2.2
2023,3119302,Coromandel,861,5.2258,4.5,25.6,20.0,44.0,32.0,4.0,0.5
2023,3119203,Coroaci,206,4.8823,13.0,15.5,12.5,31.3,43.8,12.4,1.1
2023,3119104,Corinto,612,4.8285,11.1,20.0,14.3,42.9,35.7,7.1,1.4
2023,3119005,Cordislândia,97,5.1711,14.7,24.3,0.0,33.3,66.7,0.0,2.4
2023,3118908,Cordisburgo,221,4.8748,8.0,22.6,0.0,14.3,28.6,57.1,0.0
2023,3118809,Coração de Jesus,710,4.5337,3.7,16.0,7.7,35.9,46.2,10.2,1.2
2023,3118700,Coqueiral,229,5.0856,18.4,28.2,0.0,40.0,20.0,40.0,2.2
2023,3118601,Contagem,13407,5.2725,12.3,26.6,7.9,44.7,46.7,0.7,1.1
2023,3118502,Consolação,42,4.9814,11.4,17.5,0.0,0.0,50.0,50.0,0.0
2023,3118403,Conselheiro Pena,476,4.9285,15.8,21.1,0.0,20.0,70.0,10.0,3.6
2023,3118304,Conselheiro Lafaiete,3307,5.4229,17.5,24.9,3.8,36.5,36.5,23.2,0.9
2023,3118106,Congonhas do Norte,159,4.4468,18.5,28.2,0.0,50.0,50.0,0.0,2.7
2023,3118007,Congonhas,1494,5.26,21.4,22.9,0.0,18.2,69.7,12.1,0.4
2023,3117900,Congonhal,278,5.1246,9.8,31.9,0.0,25.0,75.0,0.0,1.9
2023,3117836,Cônego Marinho,218,4.379,4.2,12.5,5.9,35.3,47.1,11.7,0.2
2023,3117405,Conceição de Ipanema,88,4.6306,5.4,13.7,50.0,25.0,25.0,0.0,1.5
2023,3117306,Conceição das Alagoas,825,5.0009,13.8,34.2,8.3,0.0,66.7,25.0,0.4
2023,3117207,Conceição das Pedras,76,5.0311,5.6,31.0,0.0,33.3,33.3,33.4,1.5
2023,3117108,Conceição da Aparecida,268,5.1589,10.2,27.3,28.6,14.3,57.1,0.0,3.3
2023,3117009,Comercinho,174,4.3909,11.3,21.4,18.2,18.2,36.4,27.2,0.9
2023,3116902,Comendador Gomes,119,5.0887,16.2,21.2,0.0,0.0,66.7,33.3,0.0
2023,3116803,Coluna,277,4.4912,8.2,23.2,20.0,40.0,40.0,0.0,4.4
2023,3116704,Coimbra,235,5.1281,8.2,29.2,0.0,66.7,33.3,0.0,1.6
2023,3116605,Cláudio,904,5.2256,4.3,25.2,0.0,64.3,35.7,0.0,0.7
2023,3116506,Claro dos Poções,217,4.6448,5.2,27.2,0.0,16.7,83.3,0.0,0.3
2023,3116407,Claraval,140,5.2806,7.7,27.3,0.0,20.0,60.0,20.0,0.9
2023,3116308,Cipotânea,158,4.7751,15.0,26.1,0.0,60.0,40.0,0.0,1.9
2023,3117504,Conceição do Mato Dentro,585,4.8873,15.4,23.0,14.3,33.3,28.6,23.8,1.4
2023,3117603,Conceição do Pará,151,5.2549,10.7,18.2,28.6,14.3,57.1,0.0,4.9
2023,3116209,Chiador,100,4.9711,22.4,24.5,28.6,57.1,14.3,0.0,0.0
2023,3117702,Conceição do Rio Verde,336,5.0568,12.3,27.8,10.0,50.0,40.0,0.0,4.5
2023,3116159,Chapada Gaúcha,462,4.571,7.9,20.3,11.8,52.9,29.4,5.9,1.6
2023,3117801,Conceição dos Ouros,344,5.214,7.0,28.5,0.0,71.4,28.6,0.0,2.0
2023,3117876,Confins,192,5.2116,10.4,22.5,0.0,33.3,50.0,16.7,1.2
2023,3116100,Chapada do Norte,286,4.3553,5.7,17.7,22.2,50.0,27.8,0.0,0.2
2023,3116001,Chalé,140,4.8065,5.1,17.7,6.7,20.0,33.3,40.0,0.0
2023,3115904,Chácara,98,5.1441,28.4,22.7,0.0,66.7,33.3,0.0,0.0
2023,3115805,Centralina,235,5.0819,13.7,21.2,0.0,20.0,80.0,0.0,5.1
2023,3115706,Central de Minas,162,4.8952,7.2,19.9,0.0,66.7,33.3,0.0,0.3
2023,3118205,Conquista,167,5.1987,18.4,24.5,0.0,50.0,33.3,16.7,0.7
2023,3115607,Cedro do Abaeté,27,5.0241,14.9,11.8,0.0,66.7,33.3,0.0,0.0
2023,3115508,Caxambu,440,5.0565,10.5,26.3,0.0,46.2,46.2,7.6,1.8
2023,3115474,Catuti,165,4.5066,3.2,20.2,16.7,66.7,16.6,0.0,0.0
2023,3115458,Catuji,312,4.4858,18.4,31.6,25.0,33.3,41.7,0.0,3.4
2023,3115409,Catas Altas da Noruega,116,4.6778,9.8,23.9,33.3,50.0,16.7,0.0,1.9
2023,3115359,Catas Altas,182,5.3446,16.0,23.1,0.0,33.3,50.0,16.7,1.6
2023,3115300,Cataguases,1350,5.0702,14.1,25.1,2.9,17.6,70.6,8.9,1.3
2023,3115201,Conceição da Barra de Minas,112,4.9492,10.7,21.0,0.0,0.0,100.0,0.0,0.0
2023,3115102,Cássia,412,5.2057,10.4,28.6,22.2,22.2,44.4,11.2,2.6
2023,3115003,Cascalho Rico,85,5.0448,8.1,15.5,0.0,50.0,50.0,0.0,0.0
2023,3114907,Casa Grande,66,5.1131,14.0,19.0,0.0,0.0,100.0,0.0,1.8
2023,3114808,Carvalhos,122,4.9464,9.9,24.0,20.0,20.0,60.0,0.0,1.0
2023,3114709,Carvalhópolis,116,5.3585,14.8,22.0,0.0,33.3,33.3,33.4,1.2
2023,3114600,Carrancas,130,5.103,20.2,27.9,0.0,33.3,66.7,0.0,1.9
2023,3114550,Carneirinho,200,5.2393,15.6,19.7,11.1,22.2,55.6,11.1,0.2
2023,3114501,Carmópolis de Minas,496,5.1132,4.2,26.3,12.5,25.0,62.5,0.0,0.8
2023,3114402,Carmo do Rio Claro,464,5.2185,5.4,25.5,11.1,55.6,22.2,11.1,0.2
2023,3114303,Carmo do Paranaíba,780,5.2349,5.1,27.0,18.2,18.2,54.5,9.1,1.8
2023,3114204,Carmo do Cajuru,639,5.2287,8.9,25.0,20.0,73.3,6.7,0.0,2.1
2023,3114105,Carmo de Minas,386,4.9357,21.4,29.1,22.2,11.1,66.7,0.0,2.2
2023,3114006,Carmo da Mata,246,4.9668,3.4,22.8,0.0,0.0,83.3,16.7,1.0
2023,3113909,Carmo da Cachoeira,320,4.9298,15.4,29.3,0.0,0.0,100.0,0.0,0.8
2023,3113800,Carmésia,84,4.8894,10.9,8.3,0.0,40.0,40.0,20.0,0.0
2023,3113701,Carlos Chagas,471,4.6134,22.7,22.3,5.9,41.2,52.9,0.0,2.1
2023,3119906,Córrego do Bom Jesus,179,5.4731,4.1,30.5,0.0,0.0,100.0,0.0,0.0
2023,3113602,Careaçu,224,5.2935,10.6,33.6,0.0,33.3,66.7,0.0,0.4
2023,3113503,Carbonita,296,4.9236,2.6,23.0,20.0,40.0,30.0,10.0,0.2
2023,3113404,Caratinga,2189,5.0076,11.3,25.0,9.4,48.4,31.3,10.9,1.3
2023,3120508,Cristina,223,5.0089,9.9,26.0,12.5,50.0,37.5,0.0,1.7
2023,3113305,Carangola,619,4.9039,19.2,25.5,7.1,35.7,50.0,7.2,2.2
2023,3113206,Carandaí,591,5.1031,7.7,25.2,0.0,40.0,53.3,6.7,0.1
2023,3113107,Caranaíba,77,4.7969,16.3,20.8,0.0,20.0,40.0,40.0,0.6
2023,3113008,Caraí,666,4.2461,18.6,22.4,19.4,51.6,29.0,0.0,3.8
2023,3112901,Caputira,277,4.7601,12.8,23.4,18.2,9.1,54.5,18.2,3.6
2023,3112802,Capitólio,293,5.3538,10.6,30.9,33.3,22.2,44.5,0.0,0.0
2023,3112703,Capitão Enéas,463,4.5705,7.0,24.6,6.7,40.0,46.7,6.6,1.6
2023,3112653,Capitão Andrade,94,4.9593,20.2,22.3,20.0,0.0,60.0,20.0,4.7
2023,3112604,Capinópolis,349,5.2268,11.4,29.5,0.0,0.0,87.5,12.5,1.5
2023,3112505,Capim Branco,265,5.0959,3.1,30.3,0.0,85.7,14.3,0.0,0.4
2023,3112406,Capetinga,183,5.1835,27.0,26.8,50.0,0.0,50.0,0.0,3.5
2023,3121407,Desterro de Entre Rios,214,5.2481,8.2,22.8,12.5,62.5,25.0,0.0,0.0
2023,3112307,Capelinha,1341,4.771,2.1,27.7,12.5,45.8,33.3,8.4,0.2
2023,3112208,Capela Nova,104,4.899,7.5,26.6,0.0,40.0,50.0,10.0,0.5
2023,3112109,Caparaó,158,4.8592,11.0,26.4,33.3,33.3,22.2,11.2,1.9
2023,3112059,Cantagalo,132,4.7228,6.5,30.9,0.0,60.0,40.0,0.0,2.0
2023,3112000,Candeias,304,5.1152,11.8,26.8,0.0,57.1,42.9,0.0,0.0
2023,3111903,Cana Verde,147,5.1928,11.8,28.3,25.0,0.0,75.0,0.0,3.5
2023,3111804,Canápolis,280,5.1253,18.1,29.0,0.0,66.7,33.3,0.0,0.6
2023,3111705,Canaã,150,4.7745,9.6,20.9,0.0,50.0,50.0,0.0,0.4
2023,3111606,Campos Gerais,673,4.929,11.2,25.8,7.1,35.7,50.0,7.2,2.4
2023,3111507,Campos Altos,372,5.2774,19.4,23.5,0.0,30.0,60.0,10.0,2.6
2023,3111408,Campo Florido,273,5.0965,26.1,26.8,0.0,33.3,50.0,16.7,1.5
2023,3122355,Divisa Alegre,231,4.7222,12.0,26.9,0.0,33.3,66.7,0.0,0.4
2023,3111309,Campo do Meio,332,5.0843,9.4,26.1,0.0,14.3,71.4,14.3,5.9
2023,3122405,Divisa Nova,167,4.9807,6.5,27.8,0.0,0.0,50.0,50.0,2.3
2023,3111200,Campo Belo,1269,5.2693,4.8,30.9,0.0,30.0,70.0,0.0,0.6
2023,3111150,Campo Azul,122,4.3909,9.3,18.9,0.0,25.0,62.5,12.5,0.9
2023,3122603,Dom Joaquim,137,4.7726,10.2,22.0,22.2,11.1,66.7,0.0,1.5
2023,3111101,Campina Verde,378,5.1121,8.2,24.1,0.0,23.1,69.2,7.7,0.4
2023,3122801,Dom Viçoso,86,5.1633,5.0,23.0,0.0,0.0,100.0,0.0,1.8
2023,3111002,Campestre,450,5.2723,18.6,22.0,0.0,36.4,54.5,9.1,0.7
2023,3110905,Campanha,381,4.9946,12.0,27.3,10.0,20.0,60.0,10.0,2.3
2023,3110806,Campanário,115,4.7785,23.8,25.8,0.0,50.0,50.0,0.0,4.4
2023,3110707,Cambuquira,312,5.0383,10.2,29.0,0.0,0.0,87.5,12.5,0.0
2023,3123304,Dores do Turvo,154,4.8372,6.1,30.6,25.0,50.0,25.0,0.0,1.2
2023,3110608,Cambuí,735,5.3493,4.3,29.6,0.0,43.8,56.2,0.0,1.1
2023,3110509,Camanducaia,563,5.143,14.6,26.9,13.3,46.7,40.0,0.0,6.4
2023,3110400,Camacho,83,5.1044,4.1,24.5,0.0,0.0,100.0,0.0,0.0
2023,3123700,Engenheiro Caldas,259,4.9797,10.5,25.8,0.0,0.0,100.0,0.0,3.0
2023,3110301,Caldas,326,5.2905,11.4,23.5,0.0,69.2,30.8,0.0,0.3
2023,3110202,Cajuri,96,5.0348,23.8,18.1,0.0,0.0,100.0,0.0,0.0
2023,3110103,Caiana,101,4.9823,15.2,25.7,8.3,25.0,58.3,8.4,0.9
2023,3110004,Caeté,1070,5.3405,12.5,28.3,0.0,20.0,40.0,40.0,0.3
2023,3124104,Esmeraldas,2192,5.1096,18.9,26.7,10.8,62.2,27.0,0.0,1.6
2023,3109907,Caetanópolis,296,5.1557,7.3,25.4,20.0,20.0,40.0,20.0,1.3
2023,3109808,Cachoeira Dourada,82,5.2287,11.8,17.0,0.0,0.0,100.0,0.0,0.0
2023,3109709,Cachoeira de Minas,333,5.3011,9.1,24.7,0.0,75.0,25.0,0.0,1.2
2023,3109600,Cachoeira da Prata,113,5.3258,11.4,21.9,0.0,0.0,100.0,0.0,0.0
2023,3109501,Cabo Verde,280,5.1142,7.4,28.5,10.0,40.0,50.0,0.0,0.8
2023,3124609,Estrela Dalva,78,4.8769,15.9,26.4,0.0,100.0,0.0,0.0,4.0
2023,3109451,Cabeceira Grande,240,4.9205,17.8,21.6,0.0,42.9,42.9,14.2,1.2
2023,3109402,Buritizeiro,715,4.7006,14.6,29.7,11.5,53.8,23.1,11.6,3.2
2023,3109303,Buritis,782,4.7933,8.1,18.2,8.3,20.8,70.9,0.0,2.1
2023,3109253,Bugre,106,5.0302,1.6,23.9,0.0,25.0,75.0,0.0,0.5
2023,3125408,Felício dos Santos,174,4.5504,12.2,29.9,0.0,75.0,25.0,0.0,2.4
2023,3109204,Buenópolis,286,4.6799,9.8,23.7,12.5,0.0,62.5,25.0,1.6
2023,3109105,Bueno Brandão,269,5.1756,9.7,33.3,0.0,0.0,75.0,25.0,2.3
2023,3109006,Brumadinho,903,5.4509,22.8,27.2,0.0,13.0,73.9,13.1,0.1
2023,3108909,Brazópolis,413,5.1065,10.6,25.9,0.0,27.3,63.6,9.1,2.7
2023,3108800,Braúnas,100,4.7627,19.8,13.8,0.0,0.0,50.0,50.0,0.9
2023,3108701,Brás Pires,131,4.7458,13.9,18.6,0.0,33.3,50.0,16.7,0.5
2023,3108602,Brasília de Minas,1033,4.5976,4.6,24.0,11.1,55.6,22.2,11.1,1.3
2023,3108552,Brasilândia de Minas,588,4.8983,13.9,28.1,12.5,25.0,50.0,12.5,2.5
2023,3126406,Fortuna de Minas,111,4.9963,9.0,20.8,0.0,25.0,75.0,0.0,0.0
2023,3108503,Botumirim,224,4.2872,5.2,20.2,27.3,27.3,45.4,0.0,0.7
2023,3108404,Botelhos,413,5.1969,9.6,24.8,18.2,18.2,27.3,36.3,1.2
2023,3108305,Borda da Mata,365,5.2399,13.5,24.9,0.0,44.4,55.6,0.0,1.8
2023,3108255,Bonito de Minas,270,4.2526,13.1,17.9,0.0,27.8,44.4,27.8,1.6
2023,3108206,Bonfinópolis de Minas,161,5.0304,4.5,20.4,0.0,16.7,83.3,0.0,0.3
2023,3108107,Bonfim,169,5.0605,25.7,30.5,0.0,20.0,80.0,0.0,2.1
2023,3108008,Bom Sucesso,434,4.872,6.7,25.7,9.1,27.3,63.6,0.0,0.2
2023,3107901,Bom Repouso,375,5.2067,15.9,33.2,16.7,0.0,66.7,16.6,4.6
2023,3127057,Fronteira dos Vales,143,4.6055,9.3,22.4,33.3,33.3,33.4,0.0,1.9
2023,3127073,Fruta de Leite,172,4.1082,3.6,33.3,0.0,0.0,50.0,50.0,0.9
2023,3107802,Bom Jesus do Galho,407,4.8865,10.0,20.1,0.0,30.0,60.0,10.0,1.4
2023,3107703,Bom Jesus do Amparo,169,4.9473,11.7,36.3,16.7,16.7,50.0,16.6,2.8
2023,3107604,Bom Jesus da Penha,149,4.9537,4.5,27.8,0.0,0.0,100.0,0.0,0.0
2023,3107505,Bom Jardim de Minas,192,5.053,17.6,22.7,0.0,16.7,16.7,66.6,2.2
2023,3127206,Funilândia,146,4.8964,10.7,23.1,0.0,80.0,20.0,0.0,0.3
2023,3107406,Bom Despacho,1137,5.3019,7.6,26.8,0.0,36.0,60.0,4.0,1.8
2023,3107307,Bocaiúva,1382,4.7449,6.4,23.6,11.8,38.2,50.0,0.0,1.4
2023,3127388,Goianá,113,5.1733,17.1,21.8,0.0,50.0,0.0,50.0,0.9
2023,3127503,Gonzaga,155,4.9521,4.0,25.0,28.6,42.9,28.5,0.0,1.0
2023,3107208,Bocaina de Minas,99,5.1052,19.8,20.3,0.0,40.0,20.0,40.0,1.8
2023,3107109,Boa Esperança,1069,5.1625,10.3,29.5,4.8,38.1,52.4,4.7,1.4
2023,3127602,Gouveia,364,4.8459,7.4,25.8,0.0,25.0,62.5,12.5,1.1
2023,3107000,Biquinhas,53,5.1807,18.6,17.0,25.0,25.0,25.0,25.0,3.8
2023,3106903,Bicas,266,5.1019,28.2,27.9,0.0,25.0,62.5,12.5,3.4
2023,3106804,Bias Fortes,80,4.8735,9.0,28.8,25.0,50.0,25.0,0.0,0.0
2023,3106705,Betim,12039,5.2641,12.8,28.4,0.0,40.0,54.4,5.6,0.8
2023,3128204,Guaraciaba,213,4.7936,12.3,20.9,12.5,37.5,37.5,12.5,1.7
2023,3106655,Berizal,182,4.382,6.7,26.3,14.3,57.1,28.6,0.0,2.9
2023,3106606,Bertópolis,147,4.6667,41.7,24.4,0.0,71.4,28.6,0.0,0.4
2023,3106507,Berilo,254,4.7571,1.8,29.5,26.1,39.1,30.4,4.4,0.0
2023,3106408,Belo Vale,227,5.0244,13.3,35.6,0.0,11.1,66.7,22.2,1.5
2023,3106309,Belo Oriente,770,5.1191,10.1,27.5,0.0,28.6,71.4,0.0,0.4
2023,3129004,Guiricema,201,4.9011,7.6,27.3,0.0,33.3,66.7,0.0,0.0
2023,3129400,Ibertioga,141,4.9193,18.8,29.6,0.0,33.3,66.7,0.0,0.0
2023,3106200,Belo Horizonte,44629,5.2722,13.2,28.7,2.7,24.5,53.2,19.6,1.3
2023,3129657,Ibiracatu,168,4.3435,1.7,17.2,0.0,54.5,36.4,9.1,0.6
2023,3131208,Ipanema,579,5.0099,3.7,27.2,0.0,20.0,70.0,10.0,0.0
2023,3106101,Belmiro Braga,109,4.9776,30.3,18.0,20.0,20.0,60.0,0.0,0.9
2023,3106002,Bela Vista de Minas,278,5.0337,5.6,27.3,0.0,16.7,33.3,50.0,1.1
2023,3105905,Barroso,507,5.2336,15.1,30.6,14.3,28.6,57.1,0.0,2.5
2023,3105707,Barra Longa,100,4.9698,22.8,22.4,23.1,23.1,38.5,15.3,3.4
2023,3105608,Barbacena,3008,5.3435,16.6,25.9,0.0,40.9,56.8,2.3,0.7
2023,3105509,Barão de Monte Alto,157,4.8174,12.1,18.9,7.7,23.1,53.8,15.4,0.0
2023,3132206,Itaguara,371,5.2501,3.7,28.0,0.0,71.4,28.6,0.0,1.1
2023,3105400,Barão de Cocais,797,5.3189,17.4,25.2,11.8,35.3,52.9,0.0,1.1
2023,3105301,Bandeira do Sul,179,5.2828,10.8,24.0,0.0,66.7,33.3,0.0,1.4
2023,3105202,Bandeira,113,4.4632,14.7,19.8,0.0,33.3,66.7,0.0,0.9
2023,3105103,Bambuí,506,5.2069,5.3,23.2,0.0,61.5,38.5,0.0,0.6
2023,3132404,Itajubá,1750,5.2486,14.5,28.9,2.2,21.7,67.4,8.7,2.0
2023,3105004,Baldim,242,4.8676,7.3,25.7,11.1,66.7,22.2,0.0,1.6
2023,3132602,Itamarati de Minas,86,4.9673,18.5,20.5,0.0,33.3,33.3,33.4,1.5
2023,3104908,Baependi,300,4.9675,10.9,19.9,21.4,50.0,28.6,0.0,0.5
2023,3104809,Augusto de Lima,166,4.8247,14.5,22.9,0.0,0.0,33.3,66.7,1.1
2023,3104700,Ataléia,325,4.4948,17.0,19.3,5.3,15.8,57.9,21.0,1.2
2023,3104601,Astolfo Dutra,340,4.9989,11.8,29.6,0.0,66.7,33.3,0.0,2.0
2023,3104502,Arinos,573,4.7633,7.2,16.9,14.3,52.4,33.3,0.0,0.3
2023,3104452,Aricanduva,185,4.4004,3.4,26.6,16.7,50.0,33.3,0.0,0.7
2023,3104403,Argirita,68,4.7974,21.0,14.9,0.0,0.0,100.0,0.0,0.0
2023,3133501,Itapecerica,527,5.0084,4.0,20.9,7.7,38.5,38.5,15.3,0.7
2023,3104304,Areado,396,5.2117,9.8,30.9,28.6,0.0,71.4,0.0,1.3
2023,3104205,Arcos,1093,5.3432,4.9,27.7,5.3,26.3,68.4,0.0,0.2
2023,3104106,Arceburgo,213,5.1716,15.5,26.3,0.0,25.0,75.0,0.0,2.4
2023,3104007,Araxá,2749,5.4262,15.4,28.1,16.0,28.0,52.0,4.0,1.4
2023,3133907,Itaverava,154,4.8303,11.9,20.3,0.0,25.0,62.5,12.5,2.9
2023,3134004,Itinga,353,4.4192,6.9,17.9,16.7,44.4,33.3,5.6,1.5
2023,3103900,Araújos,296,5.2362,4.1,27.5,0.0,0.0,100.0,0.0,0.8
2023,3103801,Arapuá,94,5.1657,5.2,27.0,25.0,25.0,50.0,0.0,0.0
2023,3103751,Araporã,220,5.1349,23.4,26.4,0.0,50.0,50.0,0.0,0.3
2023,3103702,Araponga,189,4.648,14.5,24.9,33.3,33.3,11.1,22.3,1.1
2023,3103603,Arantina,88,5.05,15.0,20.0,0.0,25.0,50.0,25.0,0.0
2023,3103504,Araguari,2763,5.2305,10.2,26.4,2.0,46.9,49.0,2.1,0.7
2023,3134707,Jacinto,301,4.459,14.5,26.1,21.4,35.7,28.6,14.3,5.9
2023,3103405,Araçuaí,1093,4.6319,8.5,23.7,17.6,35.3,38.2,8.9,2.7
2023,3103306,Aracitaba,42,4.7439,25.6,20.5,0.0,0.0,50.0,50.0,5.0
2023,3103207,Araçaí,82,4.6207,5.3,18.8,0.0,25.0,75.0,0.0,0.0
2023,3103108,Antônio Prado de Minas,39,5.2284,11.1,18.0,0.0,0.0,66.7,33.3,0.0
2023,3103009,Antônio Dias,248,4.9373,10.4,27.0,0.0,27.8,38.9,33.3,1.8
2023,3102902,Antônio Carlos,239,5.1602,5.1,22.1,42.9,50.0,7.1,0.0,0.3
2023,3102852,Angelândia,290,4.3909,5.0,29.7,25.0,25.0,50.0,0.0,2.0
2023,3102803,Andrelândia,261,5.0915,17.4,27.8,0.0,0.0,80.0,20.0,3.2
2023,3102704,Cachoeira de Pajeú,254,4.4671,7.4,21.6,9.1,36.4,54.5,0.0,3.5
2023,3102605,Andradas,894,5.292,6.3,27.6,10.5,63.2,26.3,0.0,1.6
2023,3102506,Amparo do Serra,124,4.5617,21.8,15.2,0.0,0.0,100.0,0.0,2.1
2023,3102407,Alvorada de Minas,185,4.5493,13.0,15.4,0.0,60.0,40.0,0.0,2.7
2023,3135407,Jeceaba,156,5.0822,8.2,18.3,0.0,40.0,60.0,0.0,0.0
2023,3102308,Alvinópolis,348,4.8369,7.0,31.1,12.5,25.0,50.0,12.5,2.3
2023,3102209,Alvarenga,125,4.6553,14.2,30.7,14.3,28.6,57.1,0.0,4.2
2023,3135506,Jequeri,340,4.5261,9.0,21.4,16.7,50.0,33.3,0.0,2.2
2023,3102100,Alto Rio Doce,293,4.7375,18.9,24.1,0.0,11.1,88.9,0.0,2.6
2023,3102050,Alto Caparaó,198,5.0506,19.8,28.7,0.0,25.0,75.0,0.0,0.9
2023,3102001,Alterosa,388,5.1844,4.9,28.8,0.0,25.0,25.0,50.0,0.5
2023,3101904,Alpinópolis,429,5.2416,4.9,31.2,0.0,50.0,50.0,0.0,0.7
2023,3101805,Alpercata,200,5.0767,15.5,23.8,0.0,20.0,40.0,40.0,1.6
2023,3101706,Almenara,1107,4.6267,21.5,24.8,2.9,11.8,47.1,38.2,2.4
2023,3101631,Alfredo Vasconcelos,213,5.3643,12.0,27.8,28.6,42.9,28.5,0.0,0.0
2023,3101607,Alfenas,1482,5.2741,11.9,26.0,0.0,37.1,62.9,0.0,2.4
2023,3136504,Jordânia,228,4.5293,9.6,22.8,27.3,45.5,18.2,9.0,3.7
2023,3101508,Além Paraíba,628,4.9051,17.6,24.8,0.0,47.4,52.6,0.0,0.9
2023,3101409,Albertina,98,5.1901,5.2,21.8,0.0,25.0,75.0,0.0,0.6
2023,3101300,Alagoa,84,5.0964,22.1,22.0,0.0,33.3,33.3,33.4,0.0
2023,3101201,Aiuruoca,139,5.0126,18.6,21.5,0.0,25.0,75.0,0.0,0.0
2023,3101102,Aimorés,577,5.0595,10.4,19.9,12.5,41.7,37.5,8.3,1.0
2023,3101003,Águas Vermelhas,422,4.6912,7.8,27.6,42.9,35.7,21.4,0.0,1.9
2023,3100906,Águas Formosas,518,4.5985,10.5,26.0,26.3,36.8,31.6,5.3,3.1
2023,3100807,Aguanil,143,5.1809,6.2,30.1,0.0,50.0,50.0,0.0,0.9
2023,3100708,Água Comprida,57,5.4157,16.8,23.8,0.0,0.0,100.0,0.0,0.0
2023,3100609,Água Boa,406,4.4612,9.1,25.2,5.3,31.6,47.4,15.7,0.5
2023,3100500,Açucena,187,4.7684,11.3,14.6,0.0,35.7,57.1,7.2,1.7
2023,3136801,Juramento,116,4.6254,7.5,22.1,0.0,0.0,100.0,0.0,0.5
2023,3100401,Acaiaca,156,4.9935,11.0,19.8,0.0,20.0,40.0,40.0,0.0
2023,3100302,Abre Campo,351,4.9838,15.9,23.1,0.0,14.3,57.1,28.6,1.1
2023,3100203,Abaeté,570,5.1749,14.2,25.2,6.7,13.3,66.7,13.3,0.7
2023,3100104,Abadia dos Dourados,162,5.072,11.4,33.1,0.0,14.3,28.6,57.1,2.2
2023,3159902,Santo Antônio do Amparo,456,4.9186,10.5,25.6,25.0,33.3,41.7,0.0,0.3
2023,3164100,São Pedro do Suaçuí,180,4.5002,12.5,21.3,14.3,57.1,28.6,0.0,0.8
2023,3154309,Resplendor,381,4.9939,18.4,17.6,7.7,15.4,76.9,0.0,1.3
2023,3156601,Rubim,224,4.4299,18.0,23.9,0.0,25.0,62.5,12.5,0.0
2023,3159100,Santana dos Montes,107,5.054,8.8,13.3,0.0,16.7,66.7,16.6,0.0
2023,3166709,Serra dos Aimorés,215,4.7783,16.2,27.2,0.0,75.0,25.0,0.0,0.8
2023,3143708,Morro do Pilar,93,4.6684,4.5,22.1,0.0,50.0,50.0,0.0,0.5
2023,3143104,Monte Carmelo,1208,5.2605,5.7,29.1,0.0,21.4,57.1,21.5,0.3
2023,3139300,Manga,585,4.4622,10.2,19.8,8.0,28.0,52.0,12.0,1.7
2023,3149606,Pequi,122,5.1257,15.5,27.4,0.0,0.0,100.0,0.0,2.9
2023,3168101,Tapira,141,5.3211,25.1,19.2,0.0,80.0,20.0,0.0,0.7
2023,3145851,Oratórios,122,4.855,25.5,22.9,25.0,25.0,50.0,0.0,0.7
2023,3157500,Santa Efigênia de Minas,113,4.895,9.1,27.4,0.0,20.0,80.0,0.0,5.1
2023,3137403,Lagoa Dourada,416,5.0711,14.6,22.9,9.1,27.3,54.5,9.1,1.7
2023,3165305,São Vicente de Minas,178,5.2016,17.2,28.2,0.0,0.0,100.0,0.0,2.2
2023,3143401,Monte Sião,543,5.3953,15.1,21.3,18.2,54.5,27.3,0.0,2.2
2023,3163508,São José do Jacuri,183,4.5455,10.6,21.9,20.0,60.0,20.0,0.0,0.0
2023,3166808,Serra do Salitre,445,5.0433,9.1,24.4,27.3,45.5,27.2,0.0,0.6
2023,3148509,Pavão,200,4.4785,16.1,27.6,16.7,33.3,50.0,0.0,3.6
2023,3151602,Planura,271,4.9266,24.0,30.9,0.0,25.0,25.0,50.0,4.2
2023,3140852,Matias Cardoso,281,4.4512,15.5,24.0,13.3,26.7,46.7,13.3,3.3
2023,3165503,Sardoá,162,4.6865,14.5,20.3,0.0,33.3,66.7,0.0,0.3
2023,3140902,Matipó,627,4.6681,9.6,24.6,7.1,57.1,35.8,0.0,2.6
2023,3160405,Santo Antônio do Monte,730,5.3808,4.8,27.3,12.5,50.0,37.5,0.0,1.5
2023,3154101,Recreio,229,4.716,12.9,17.9,12.5,37.5,50.0,0.0,0.0
2023,3155603,Rio Pardo de Minas,810,4.6021,4.6,21.4,13.0,56.5,30.5,0.0,0.6
2023,3146107,Ouro Preto,1756,5.2249,15.7,21.0,0.0,33.9,60.7,5.4,0.8
2023,3171501,Mathias Lobato,102,4.6,11.4,24.3,0.0,100.0,0.0,0.0,0.0
2023,3156700,Sabará,3048,5.1573,15.0,25.4,4.3,26.1,58.7,10.9,1.2
2023,3170479,Uruana de Minas,118,4.8888,5.5,15.4,20.0,0.0,80.0,0.0,0.5
2023,3152907,Pratápolis,220,5.1789,9.4,31.9,0.0,0.0,40.0,60.0,3.4
2023,3171204,Vespasiano,3721,5.1713,12.3,29.0,4.1,63.3,32.6,0.0,0.9
2023,3159407,Santa Rita de Ibitipoca,76,5.0725,18.0,15.3,16.7,66.7,16.6,0.0,1.1
2023,3152600,Pouso Alto,155,5.1119,18.9,30.1,0.0,40.0,60.0,0.0,3.0
2023,3151909,Pocrane,196,4.8814,8.5,21.9,0.0,27.3,45.5,27.2,0.7
2023,3140159,Mário Campos,437,5.2587,14.9,33.2,12.5,75.0,12.5,0.0,2.8
2023,3150901,Piranguçu,165,5.3236,23.2,28.5,0.0,0.0,66.7,33.3,0.8
2023,3143302,Montes Claros,9938,4.9911,9.1,27.2,8.8,49.4,40.6,1.2,0.8
2023,3162955,São José da Lapa,877,5.3535,14.8,29.0,20.0,26.7,53.3,0.0,0.6
2023,3166006,Senhora de Oliveira,178,4.914,16.4,27.7,0.0,25.0,75.0,0.0,1.6
2023,3161304,São Francisco de Sales,180,5.0694,12.4,23.1,0.0,25.0,50.0,25.0,0.3
2023,3164209,São Romão,227,4.5787,12.9,27.7,0.0,50.0,37.5,12.5,0.6
2023,3164407,São Sebastião da Bela Vista,241,5.276,9.4,30.2,0.0,33.3,66.7,0.0,0.0
2023,3140308,Marliéria,149,5.163,11.9,21.1,20.0,20.0,60.0,0.0,2.8
2023,3161601,São Geraldo da Piedade,139,4.8176,5.5,21.7,0.0,50.0,50.0,0.0,0.4
2023,3163201,São José do Alegre,125,5.191,8.5,21.4,0.0,33.3,66.7,0.0,0.4
2023,3167400,Silvianópolis,144,5.0623,15.9,32.3,0.0,66.7,33.3,0.0,0.8
2023,3138906,Machacalis,213,4.7053,7.6,23.7,14.3,42.9,42.8,0.0,4.0
2023,3167905,Tabuleiro,105,4.8794,24.9,23.6,0.0,0.0,100.0,0.0,5.2
2023,3168507,Teixeiras,288,4.9708,18.8,25.0,9.1,36.4,54.5,0.0,0.5
2023,3150802,Piranga,433,4.7011,5.8,22.1,6.7,40.0,40.0,13.3,1.0
2023,3138682,Luislândia,229,4.2933,5.5,23.2,30.0,60.0,10.0,0.0,0.7
2023,3150208,Piedade de Ponte Nova,121,4.6835,14.9,19.5,0.0,0.0,100.0,0.0,2.1
2023,3147709,Passa Tempo,212,5.303,10.6,25.6,0.0,25.0,75.0,0.0,2.2
2023,3157377,Santa Cruz de Salinas,128,4.1747,4.5,18.9,0.0,22.2,55.6,22.2,0.0
2023,3170909,Varzelândia,685,4.4178,8.3,17.7,19.4,54.8,25.8,0.0,1.2
2023,3157104,Salto da Divisa,192,4.6022,16.2,30.9,0.0,0.0,100.0,0.0,2.6
2023,3142502,Monjolos,72,4.4044,11.7,15.0,0.0,40.0,60.0,0.0,0.0
2023,3146305,Padre Paraíso,535,4.5481,20.0,26.2,20.8,50.0,29.2,0.0,4.8
2023,3137007,Ladainha,393,4.433,22.1,23.1,18.2,40.9,36.4,4.5,4.5
2023,3141702,Mesquita,141,5.0101,7.7,14.6,28.6,0.0,71.4,0.0,0.0
2023,3145901,Ouro Branco,953,5.4459,24.3,23.7,4.2,62.5,25.0,8.3,2.0
2023,3145356,Novo Oriente de Minas,264,4.3519,20.2,20.4,33.3,40.0,20.0,6.7,1.2
2023,3155900,Rio Preto,94,4.8591,42.2,17.3,0.0,40.0,60.0,0.0,0.0
2023,3171907,Virgolândia,143,4.5778,5.7,18.6,0.0,0.0,100.0,0.0,0.0
2023,3171402,Vieiras,140,4.8588,18.6,18.8,0.0,60.0,40.0,0.0,0.0
2023,3154457,Riachinho,198,4.6663,6.2,20.4,37.5,25.0,37.5,0.0,0.7
2023,3158300,Santana da Vargem,183,5.1232,7.0,27.5,0.0,66.7,33.3,0.0,0.9
2023,3153202,Presidente Juscelino,99,4.6499,8.6,15.8,0.0,20.0,60.0,20.0,1.7
2023,3153707,Quartel Geral,99,4.7991,9.7,23.6,0.0,33.3,66.7,0.0,2.4
2023,3158508,Santana de Pirapama,168,4.5281,7.9,25.3,0.0,0.0,62.5,37.5,0.6
2023,3158904,Santana do Manhuaçu,226,4.7247,12.7,20.1,21.4,21.4,42.9,14.3,4.0
2023,3137205,Lagoa da Prata,1302,5.2009,4.6,31.7,5.3,63.2,31.5,0.0,1.3
2023,3158706,Santana do Garambéu,69,4.7657,7.3,15.6,0.0,33.3,66.7,0.0,0.9
2023,3147303,Paraisópolis,450,5.2132,14.0,26.1,0.0,42.9,57.1,0.0,1.1
2023,3147600,Passa Quatro,368,5.1207,12.3,28.3,0.0,18.2,54.5,27.3,1.7
2023,3157807,Santa Luzia,5911,5.1626,14.1,29.4,5.6,51.9,42.5,0.0,1.7
2023,3170305,Umburatiba,78,4.6138,18.6,22.1,0.0,33.3,66.7,0.0,2.3
2023,3152808,Prata,859,5.1068,10.7,25.9,0.0,23.1,69.2,7.7,1.9
2023,3147956,Patis,158,4.3119,5.6,18.0,28.6,14.3,57.1,0.0,0.7
2023,3170008,Ubaí,360,4.2908,9.1,24.4,0.0,44.4,50.0,5.6,3.8
2023,3157203,Santa Bárbara,907,5.2192,9.1,25.0,5.3,21.1,52.6,21.0,1.2
2023,3161700,São Gonçalo do Abaeté,203,4.9764,6.0,24.4,0.0,25.0,50.0,25.0,0.0
2023,3150505,Pimenta,212,5.0984,9.9,26.4,0.0,25.0,75.0,0.0,2.0
2023,3169604,Tupaciguara,653,5.1302,13.1,22.8,7.1,35.7,50.0,7.2,1.0
2023,3144607,Nepomuceno,569,4.9687,11.1,21.3,0.0,46.7,53.3,0.0,2.4
2023,3148905,Pedra do Indaiá,109,5.1534,5.9,16.8,33.3,50.0,16.7,0.0,1.0
2023,3138807,Luz,402,5.0021,4.0,23.8,0.0,0.0,100.0,0.0,0.2
2023,3162658,São João do Pacuí,103,4.4059,2.0,23.5,0.0,37.5,25.0,37.5,0.8
2023,3161650,São Geraldo do Baixio,89,5.0795,8.7,23.0,40.0,60.0,0.0,0.0,2.7
2023,3149150,Pedras de Maria da Cruz,320,4.4068,6.5,24.3,16.7,41.7,41.6,0.0,3.0
2023,3161106,São Francisco,1808,4.5234,12.8,21.8,10.8,48.6,35.1,5.5,0.8
2023,3164605,São Sebastião do Oeste,258,4.8169,17.4,19.3,20.0,0.0,40.0,40.0,0.0
2023,3144201,Nacip Raydan,79,4.7666,6.6,30.5,0.0,0.0,50.0,50.0,0.0
2023,3162302,São João da Mata,103,5.2624,6.7,23.3,33.3,0.0,66.7,0.0,1.2
2023,3167608,Simonésia,477,4.8038,11.4,20.1,3.7,33.3,59.3,3.7,3.4
2023,3162708,São João do Paraíso,672,4.7881,5.4,28.6,0.0,38.9,61.1,0.0,0.4
2023,3138005,Laranjal,138,5.1867,11.2,28.6,0.0,33.3,33.3,33.4,0.7
2023,3168051,Taparuba,116,4.9619,4.5,16.6,0.0,66.7,33.3,0.0,0.0
2023,3151800,Poços de Caldas,3078,5.4658,21.2,24.3,0.0,9.2,75.0,15.8,1.5
2023,3144409,Natércia,110,5.1753,8.9,28.9,0.0,25.0,75.0,0.0,2.0
2023,3145455,Olhos-d'Água,186,4.6049,6.9,25.6,0.0,33.3,66.7,0.0,0.0
2023,3166501,Serra Azul de Minas,133,4.1885,11.2,27.8,18.2,36.4,36.4,9.0,1.8
2023,3169356,Três Marias,855,5.0238,5.8,25.8,8.7,52.2,34.8,4.3,0.8
2023,3169406,Três Pontas,1419,5.1464,6.1,30.5,0.0,8.0,72.0,20.0,2.1
2023,3152204,Porteirinha,1136,4.5951,4.2,24.1,12.1,48.5,36.4,3.0,0.6
2023,3169703,Turmalina,560,4.8338,9.5,25.0,25.0,40.0,35.0,0.0,0.5
2023,3165404,Sapucaí-Mirim,188,5.2546,4.3,22.0,28.6,57.1,14.3,0.0,0.0
2023,3159803,Santa Vitória,502,5.0,5.9,28.3,0.0,61.5,38.5,0.0,0.4
2023,3145059,Nova Porteirinha,149,4.4455,5.8,18.3,20.0,40.0,40.0,0.0,0.7
2023,3160306,Santo Antônio do Jacinto,341,4.4232,17.4,26.6,0.0,50.0,50.0,0.0,3.5
2023,3171105,Veríssimo,74,5.0608,28.1,21.4,0.0,33.3,66.7,0.0,0.0
2023,3155306,Rio Manso,143,5.1018,12.2,19.8,0.0,50.0,50.0,0.0,0.8
2023,3155801,Rio Pomba,380,4.9894,20.8,33.1,0.0,16.7,66.7,16.6,2.3
2023,3156205,Rochedo de Minas,76,5.0385,23.4,19.6,0.0,100.0,0.0,0.0,2.2
2023,3156452,Rosário da Limeira,182,4.8344,10.9,20.6,0.0,50.0,50.0,0.0,0.0
2023,3146255,Padre Carvalho,208,4.4535,5.4,25.3,0.0,44.4,33.3,22.3,2.0
2023,3155702,Rio Piracicaba,404,5.1282,7.9,19.9,15.4,23.1,53.8,7.7,0.0
2023,3145802,Onça de Pitangui,72,4.9665,4.4,16.9,14.3,71.4,14.3,0.0,0.0
2023,3138302,Leandro Ferreira,98,5.0295,4.8,20.6,25.0,25.0,25.0,25.0,0.0
2023,3172103,Volta Grande,131,4.8042,14.7,21.7,33.3,50.0,16.7,0.0,0.0
2023,3139409,Manhuaçu,2327,5.017,9.8,29.2,5.7,25.7,55.7,12.9,2.4
2023,3171303,Viçosa,1535,5.1295,17.0,22.8,10.7,53.6,32.1,3.6,1.6
2023,3141405,Medina,554,4.5945,6.7,28.0,36.8,42.1,21.1,0.0,2.7
2023,3142205,Miraí,267,5.0408,11.9,26.0,11.1,66.7,22.2,0.0,2.5
2023,3154200,Resende Costa,325,5.3024,17.4,26.5,28.6,14.3,57.1,0.0,2.5
2023,3141603,Mercês,213,4.7938,15.2,27.6,14.3,0.0,71.4,14.3,5.1
2023,3158201,Santa Maria do Suaçuí,358,4.6649,3.9,18.2,6.3,37.5,37.5,18.7,2.4
2023,3153103,Presidente Bernardes,138,4.6695,5.5,21.1,20.0,30.0,50.0,0.0,0.7
2023,3154002,Raul Soares,652,4.7597,15.0,23.3,10.0,30.0,25.0,35.0,0.2
2023,3142700,Montalvânia,502,4.5143,8.6,19.4,14.3,23.8,47.6,14.3,1.1
2023,3158805,Santana do Jacaré,115,4.9005,6.9,21.6,0.0,33.3,66.7,0.0,1.1
2023,3170602,Vargem Bonita,76,4.9791,8.5,32.5,20.0,20.0,40.0,20.0,0.8
2023,3147105,Pará de Minas,2285,5.2409,6.7,25.1,0.0,38.8,55.1,6.1,1.2
2023,3170438,União de Minas,112,5.1505,25.0,26.7,0.0,66.7,33.3,0.0,3.2
2023,3145307,Novo Cruzeiro,1035,4.3557,13.3,22.4,27.3,48.5,24.2,0.0,1.7
2023,3158102,Santa Maria do Salto,127,4.4863,7.1,21.2,0.0,80.0,20.0,0.0,2.4
2023,3147808,Passa Vinte,54,5.1183,32.0,20.3,0.0,0.0,100.0,0.0,1.6
2023,3157278,Santa Bárbara do Monte Verde,90,4.8662,40.9,22.6,33.3,16.7,50.0,0.0,2.2
2023,3157401,Santa Cruz do Escalvado,106,4.9956,14.2,11.9,0.0,40.0,60.0,0.0,0.5
2023,3157336,Santa Cruz de Minas,133,5.0385,23.7,21.1,0.0,50.0,50.0,0.0,6.5
2023,3170107,Uberaba,7520,5.299,17.1,26.6,1.0,38.8,55.3,4.9,1.1
2023,3169307,Três Corações,1806,5.1951,11.0,28.7,14.3,57.1,25.0,3.6,2.9
2023,3143906,Muriaé,2714,5.0392,10.4,23.1,6.8,50.8,40.7,1.7,0.2
2023,3152006,Pompéu,909,4.9783,10.0,27.5,0.0,10.0,45.0,45.0,2.5
2023,3165206,São Tomé das Letras,187,4.7542,5.9,24.0,0.0,16.7,83.3,0.0,0.7
2023,3152131,Ponto Chique,99,4.4557,16.3,25.7,0.0,0.0,75.0,25.0,1.6
2023,3169208,Tombos,167,5.0091,15.2,23.4,25.0,0.0,37.5,37.5,0.0
2023,3149101,Pedralva,271,5.0391,6.3,33.0,37.5,37.5,25.0,0.0,0.0
2023,3144003,Mutum,665,4.6424,6.0,20.7,2.6,30.8,33.3,33.3,0.6
2023,3167103,Serro,600,4.5368,8.5,23.0,3.1,31.3,43.8,21.8,0.7
2023,3163409,São José do Goiabal,169,5.0778,13.8,29.7,0.0,0.0,66.7,33.3,0.0
2023,3168200,Tapiraí,41,4.971,8.6,10.1,0.0,0.0,100.0,0.0,0.0
2023,3149309,Pedro Leopoldo,1354,5.2711,6.5,26.3,10.3,33.3,51.3,5.1,0.2
2023,3168804,Tiradentes,134,5.1475,24.8,25.4,12.5,25.0,50.0,12.5,4.8
2023,3167202,Sete Lagoas,5111,5.1609,10.8,27.6,6.0,48.8,42.9,2.3,1.3
2023,3161403,São Francisco do Glória,121,4.7719,8.2,26.0,0.0,0.0,50.0,50.0,0.0
2023,3148202,Patrocínio do Muriaé,138,4.8066,11.5,27.3,33.3,33.3,33.4,0.0,2.3
2023,3144102,Muzambinho,634,5.2882,10.4,33.7,16.7,33.3,50.0,0.0,1.3
2023,3149804,Perdizes,550,5.255,12.2,27.7,7.7,30.8,61.5,0.0,0.5
2023,3149705,Perdigão,431,5.1844,7.8,30.9,0.0,16.7,66.7,16.6,1.3
2023,3143609,Morro da Garça,82,4.6489,8.5,14.9,33.3,33.3,33.4,0.0,0.7
2023,3165552,Setubinha,443,4.3028,12.1,20.4,29.4,47.1,23.5,0.0,2.1
2023,3143807,Munhoz,235,5.161,11.7,31.4,0.0,50.0,50.0,0.0,2.9
2023,3140001,Mariana,1526,5.218,18.5,18.7,2.8,41.7,52.8,2.7,2.5
2023,3140209,Maripá de Minas,100,5.2862,12.2,19.5,0.0,33.3,33.3,33.4,0.0
2023,3161502,São Geraldo,277,4.8983,6.1,26.1,16.7,50.0,33.3,0.0,0.7
2023,3143500,Morada Nova de Minas,229,5.1227,15.5,23.9,0.0,11.1,66.7,22.2,4.1
2023,3149408,Pedro Teixeira,39,4.6826,17.8,16.8,0.0,50.0,0.0,50.0,1.1
2023,3143450,Montezuma,263,4.4402,9.3,24.3,25.0,62.5,12.5,0.0,2.3
2023,3163003,São José da Safira,114,4.5525,18.3,22.1,0.0,20.0,80.0,0.0,4.9
2023,3161908,São Gonçalo do Rio Abaixo,454,5.2824,9.4,25.4,0.0,40.0,60.0,0.0,1.7
2023,3148301,Paula Cândido,254,4.7955,7.1,26.4,20.0,60.0,20.0,0.0,0.2
2023,3167509,Simão Pereira,53,4.8731,22.9,17.5,0.0,33.3,66.7,0.0,0.9
2023,3138203,Lavras,2029,5.3384,14.0,25.1,10.3,41.0,43.6,5.1,1.1
2023,3162252,São João da Lagoa,180,4.5569,17.0,22.1,0.0,0.0,75.0,25.0,1.6
2023,3162500,São João del Rei,1775,5.2508,16.5,23.9,2.8,33.3,58.3,5.6,1.4
2023,3140605,Materlândia,96,4.6505,10.7,20.1,0.0,16.7,66.7,16.6,0.4
2023,3138104,Lassance,226,4.5594,6.2,20.2,0.0,20.0,80.0,0.0,1.6
2023,3168408,Tarumirim,320,5.0276,7.6,19.7,4.5,54.5,27.3,13.7,2.3
2023,3140530,Martins Soares,226,4.8671,20.9,29.3,20.0,50.0,30.0,0.0,0.2
2023,3165800,Senador José Bento,39,5.1829,5.5,18.3,0.0,66.7,33.3,0.0,0.0
2023,3150406,Piedade dos Gerais,138,5.0969,25.2,31.8,16.7,66.7,16.6,0.0,3.5
2023,3166105,Senhora do Porto,95,4.418,17.7,24.0,0.0,40.0,60.0,0.0,2.1
2023,3165107,São Tomás de Aquino,205,5.1021,19.5,29.0,25.0,25.0,50.0,0.0,6.8
2023,3169802,Turvolândia,157,5.0934,10.8,28.8,0.0,33.3,66.7,0.0,4.1
2023,3144706,Nova Era,521,5.208,4.7,29.9,0.0,37.5,62.5,0.0,1.1
2023,3164704,São Sebastião do Paraíso,1757,5.3008,11.7,28.2,13.8,72.4,13.8,0.0,0.8
2023,3166303,Sericita,212,4.6555,10.4,28.8,0.0,28.6,71.4,0.0,2.7
2023,3140407,Marmelópolis,108,4.7148,5.0,23.0,0.0,0.0,25.0,75.0,0.0
2023,3165008,São Tiago,342,5.1018,8.5,29.0,0.0,0.0,87.5,12.5,2.1
2023,3152402,Poté,423,4.5207,11.2,22.4,28.6,21.4,50.0,0.0,2.1
2023,3160959,São Domingos das Dores,236,4.9112,12.8,25.2,0.0,0.0,33.3,66.7,0.5
2023,3161007,São Domingos do Prata,414,4.9575,4.4,27.1,30.8,46.2,23.0,0.0,0.5
2023,3149903,Perdões,506,5.2325,6.0,24.9,27.3,45.5,27.2,0.0,1.9
2023,3143005,Monte Belo,338,5.179,10.8,28.1,42.9,28.6,28.5,0.0,1.9
2023,3160900,São Brás do Suaçuí,159,5.5041,7.9,20.7,0.0,33.3,66.7,0.0,0.9
2023,3157302,Santa Bárbara do Tugúrio,129,4.9519,17.0,18.0,0.0,0.0,100.0,0.0,0.0
2023,3145703,Oliveira Fortes,45,4.783,1.2,20.5,0.0,33.3,0.0,66.7,0.0
2023,3155009,Rio Doce,83,5.2147,14.9,33.5,0.0,33.3,66.7,0.0,2.3
2023,3154606,Ribeirão das Neves,9134,5.1149,11.4,29.2,12.7,54.9,30.4,2.0,1.7
2023,3147204,Paraguaçu,482,5.2314,6.3,29.1,0.0,62.5,37.5,0.0,3.5
2023,3159506,Santa Rita do Itueto,142,4.7601,8.7,18.1,7.7,46.2,38.5,7.6,0.3
2023,3155108,Rio do Prado,164,4.5231,16.6,22.9,20.0,20.0,60.0,0.0,0.6
2023,3170578,Vargem Alegre,215,4.7037,15.0,29.6,0.0,0.0,100.0,0.0,1.9
2023,3172202,Wenceslau Braz,91,5.2044,8.5,23.7,0.0,33.3,66.7,0.0,0.0
2023,3160108,Santo Antônio do Grama,114,4.9081,16.8,23.8,0.0,0.0,100.0,0.0,0.5
2023,3139805,Mar de Espanha,304,5.1877,15.6,27.3,12.5,12.5,62.5,12.5,3.0
2023,3153301,Presidente Kubitschek,147,4.5184,2.8,30.9,0.0,33.3,66.7,0.0,0.0
2023,3157609,Santa Fé de Minas,102,4.6057,5.6,21.9,0.0,25.0,75.0,0.0,1.1
2023,3145505,Olímpio Noronha,75,4.948,36.1,15.5,0.0,50.0,0.0,50.0,2.5
2023,3154804,Rio Acima,207,5.1123,25.6,25.3,0.0,25.0,37.5,37.5,1.3
2023,3171600,Virgem da Lapa,294,4.6838,10.5,25.1,0.0,50.0,33.3,16.7,0.3
2023,3145372,Novorizonte,112,4.4943,4.8,22.8,0.0,50.0,40.0,10.0,2.2
2023,3139250,Mamonas,168,4.634,1.5,32.9,0.0,25.0,75.0,0.0,0.0
2023,3145877,Orizânia,166,4.7651,11.0,24.2,0.0,66.7,33.3,0.0,3.8
2023,3141801,Minas Novas,807,4.5717,6.5,20.3,25.6,39.5,25.6,9.3,0.8
2023,3137106,Lagamar,163,5.0097,8.1,18.6,0.0,57.1,42.9,0.0,1.2
2023,3156502,Rubelita,186,4.2184,4.6,23.8,0.0,60.0,40.0,0.0,0.6
2023,3137502,Lagoa Formosa,499,5.2978,11.3,27.7,54.5,9.1,36.4,0.0,4.0
2023,3171808,Virginópolis,299,5.0514,19.9,23.6,12.5,50.0,37.5,0.0,2.2
2023,3156304,Rodeiro,253,5.0568,18.4,29.3,0.0,0.0,66.7,33.3,1.0
2023,3141306,Medeiros,102,5.1718,5.4,16.9,0.0,40.0,40.0,20.0,1.0
2023,3142007,Mirabela,377,4.5272,5.9,21.7,0.0,40.0,50.0,10.0,1.8
2023,3156106,Ritápolis,133,5.1425,14.2,28.3,20.0,20.0,60.0,0.0,1.4
2023,3141900,Minduri,126,5.0502,22.1,23.8,0.0,0.0,100.0,0.0,0.0
2023,3146206,Ouro Verde de Minas,230,4.5523,13.0,23.0,0.0,30.0,50.0,20.0,3.5
2023,3146008,Ouro Fino,656,5.2584,5.5,28.6,11.8,64.7,23.5,0.0,0.8
2023,3156809,Sabinópolis,425,4.5663,9.5,25.7,20.0,40.0,40.0,0.0,0.9
2023,3156403,Romaria,98,5.5055,9.5,24.0,0.0,33.3,33.3,33.4,0.0
2023,3156007,Rio Vermelho,297,4.2624,16.8,22.5,21.1,52.6,26.3,0.0,1.6
2023,3156908,Sacramento,653,5.2472,16.5,24.2,0.0,30.8,69.2,0.0,2.0
2023,3154408,Ressaquinha,133,5.1202,6.0,20.8,0.0,33.3,50.0,16.7,0.0
2023,3172004,Visconde do Rio Branco,994,5.1163,13.8,30.6,12.0,52.0,28.0,8.0,1.7
2023,3142254,Miravânia,137,4.4614,8.7,15.8,0.0,40.0,60.0,0.0,1.9
2023,3154903,Rio Casca,321,4.9539,30.1,16.4,0.0,20.0,80.0,0.0,0.5
2023,3142304,Moeda,172,5.1245,22.9,29.3,0.0,0.0,100.0,0.0,3.1
2023,3141504,Mendes Pimentel,139,4.9093,5.1,17.0,0.0,33.3,66.7,0.0,0.0
2023,3155504,Rio Paranaíba,347,5.187,13.9,20.4,20.0,30.0,40.0,10.0,1.5
2023,3159605,Santa Rita do Sapucaí,959,5.3245,13.2,28.7,5.3,47.4,42.1,5.2,0.4
2023,3138351,Leme do Prado,151,4.7774,3.5,14.2,11.1,44.4,44.5,0.0,0.0
2023,3142809,Monte Alegre de Minas,414,5.1215,21.9,21.6,0.0,35.7,57.1,7.2,1.4
2023,3157005,Salinas,1204,4.6417,3.5,27.4,10.7,25.0,57.1,7.2,1.1
2023,3142403,Moema,195,5.3103,3.7,28.8,0.0,0.0,100.0,0.0,2.9
2023,3159704,Santa Rosa da Serra,112,5.0194,9.6,20.9,20.0,0.0,60.0,20.0,1.0
2023,3154150,Reduto,206,4.9313,14.1,28.9,33.3,44.4,22.3,0.0,3.3
2023,3154507,Riacho dos Machados,277,4.6156,4.0,17.8,0.0,33.3,55.6,11.1,0.2
2023,3138401,Leopoldina,1159,4.881,13.3,20.8,13.9,27.8,50.0,8.3,0.9
2023,3147006,Paracatu,2469,5.0721,11.4,25.3,20.8,41.5,37.7,0.0,1.2
2023,3170651,Vargem Grande do Rio Pardo,144,4.6917,4.9,30.9,50.0,33.3,16.7,0.0,0.0
2023,3158409,Santana de Cataguases,110,4.9913,5.5,25.1,0.0,33.3,66.7,0.0,1.6
2023,3141108,Matozinhos,967,5.1231,7.1,26.5,9.5,52.4,38.1,0.0,0.6
2023,3142601,Monsenhor Paulo,267,5.1606,6.2,23.2,0.0,33.3,33.3,33.4,0.3
2023,3170800,Várzea da Palma,897,4.8114,10.5,25.2,0.0,36.0,56.0,8.0,2.1
2023,3158953,Santana do Paraíso,819,5.1192,9.0,29.7,25.0,45.0,30.0,0.0,1.4
2023,3141207,Matutina,105,5.0654,8.9,16.0,0.0,20.0,60.0,20.0,4.4
2023,3145208,Nova Serrana,3497,5.0336,4.1,31.3,20.0,70.0,10.0,0.0,0.4
2023,3145109,Nova Resende,495,5.2791,6.9,31.0,0.0,18.2,72.7,9.1,2.6
2023,3171154,Vermelho Novo,213,4.8277,8.0,25.0,0.0,0.0,33.3,66.7,1.0
2023,3171030,Verdelândia,280,4.3369,3.2,20.2,6.7,66.7,20.0,6.6,0.2
2023,3158607,Santana do Deserto,111,4.9376,40.3,25.8,0.0,20.0,60.0,20.0,5.5
2023,3153806,Queluzito,46,4.9916,16.4,16.8,0.0,0.0,50.0,50.0,1.5
2023,3170750,Varjão de Minas,271,5.0725,9.8,31.2,0.0,50.0,50.0,0.0,2.6
2023,3159001,Santana do Riacho,167,5.112,6.4,22.3,0.0,50.0,33.3,16.7,0.3
2023,3153905,Raposos,408,5.362,17.8,30.3,0.0,45.5,54.5,0.0,0.5
2023,3171006,Vazante,539,5.2932,4.5,19.5,0.0,47.1,52.9,0.0,0.5
2023,3153509,Alto Jequitibá,182,4.9792,6.9,22.9,10.0,70.0,20.0,0.0,5.2
2023,3158003,Santa Maria de Itabira,339,4.9098,3.9,28.9,16.7,0.0,66.7,16.6,0.0
2023,3137809,Lambari,561,5.2346,8.2,28.7,16.7,58.3,25.0,0.0,0.9
2023,3159209,Santa Rita de Caldas,183,5.3139,5.1,25.4,0.0,0.0,71.4,28.6,0.6
2023,3159308,Santa Rita de Jacutinga,137,5.2208,16.7,20.0,0.0,20.0,60.0,20.0,0.0
2023,3147402,Paraopeba,698,5.0252,9.4,26.8,0.0,9.1,81.8,9.1,0.4
2023,3139508,Manhumirim,487,4.8624,17.4,23.8,15.4,46.2,38.4,0.0,2.8
2023,3147501,Passabém,57,5.1161,20.0,20.0,33.3,66.7,0.0,0.0,3.7
2023,3159357,Santa Rita de Minas,201,4.9338,14.8,30.4,0.0,25.0,75.0,0.0,1.5
2023,3142106,Miradouro,236,4.9499,10.8,15.0,16.7,41.7,33.3,8.3,2.0
2023,3141009,Mato Verde,349,4.6469,4.1,30.6,8.3,50.0,41.7,0.0,0.0
2023,3160009,Santo Antônio do Aventureiro,109,4.7776,8.2,19.6,0.0,33.3,66.7,0.0,1.0
2023,3152709,Prados,223,5.1425,18.0,27.1,33.3,50.0,0.0,16.7,0.8
2023,3145000,Nova Ponte,529,5.2243,7.7,21.7,0.0,25.0,62.5,12.5,0.1
2023,3157708,Santa Juliana,416,5.1929,15.2,36.9,0.0,57.1,42.9,0.0,7.0
2023,3157906,Santa Margarida,462,4.8191,16.7,27.2,4.8,4.8,61.9,28.5,4.8
2023,3170206,Uberlândia,16415,5.3583,17.3,29.5,3.1,39.3,54.5,3.1,1.3
2023,3146909,Papagaios,417,4.7952,9.7,26.6,0.0,9.1,36.4,54.5,3.6
2023,3139201,Malacacheta,565,4.5526,18.5,24.1,14.3,57.1,28.6,0.0,1.6
2023,3139102,Madre de Deus de Minas,135,5.228,5.5,34.4,0.0,0.0,100.0,0.0,0.0
2023,3146503,Pains,209,5.1941,4.0,26.1,0.0,40.0,40.0,20.0,0.6
2023,3160207,Santo Antônio do Itambé,151,4.2466,10.1,28.5,0.0,0.0,100.0,0.0,1.7
2023,3154705,Ribeirão Vermelho,96,5.189,10.4,19.3,0.0,25.0,75.0,0.0,0.6
2023,3149952,Periquito,217,5.067,15.8,21.6,0.0,22.2,77.8,0.0,0.8
2023,3153400,Presidente Olegário,447,5.0931,5.7,20.8,22.2,61.1,16.7,0.0,0.9
2023,3169901,Ubá,2484,5.111,14.2,27.4,21.4,52.4,26.2,0.0,0.4
2023,3160702,Santos Dumont,955,5.1042,11.9,25.1,2.8,36.1,55.6,5.5,0.8
2023,3157252,Santa Bárbara do Leste,223,4.8788,13.3,19.9,0.0,33.3,66.7,0.0,3.3
2023,3150158,Piedade de Caratinga,329,4.9892,16.6,31.4,0.0,50.0,50.0,0.0,1.8
2023,3143203,Monte Santo de Minas,529,5.1166,15.1,28.0,0.0,44.4,55.6,0.0,1.3
2023,3140506,Martinho Campos,469,5.1548,13.7,26.7,0.0,15.4,61.5,23.1,3.3
2023,3150109,Piau,63,4.8397,27.6,22.6,0.0,0.0,50.0,50.0,2.3
2023,3152303,Porto Firme,246,4.8203,6.5,27.7,50.0,25.0,25.0,0.0,1.4
2023,3164902,São Sebastião do Rio Verde,81,5.378,6.7,24.8,0.0,66.7,33.3,0.0,0.7
2023,3150000,Pescador,112,4.847,6.8,27.8,0.0,0.0,100.0,0.0,0.4
2023,3150604,Piracema,149,4.9751,10.6,21.5,0.0,20.0,80.0,0.0,0.7
2023,3152170,Ponto dos Volantes,440,4.4326,7.1,18.8,0.0,23.5,35.3,41.2,0.6
2023,3137601,Lagoa Santa,1552,5.3848,19.5,25.3,0.0,50.0,46.4,3.6,1.3
2023,3168606,Teófilo Otoni,3570,4.8433,21.0,27.3,9.6,43.6,40.4,6.4,2.0
2023,3138708,Luminárias,146,5.247,12.6,29.9,0.0,0.0,100.0,0.0,1.9
2023,3165560,Sem-Peixe,72,4.6693,9.1,24.8,0.0,0.0,75.0,25.0,0.0
2023,3166907,Serrania,239,4.946,12.9,31.0,0.0,0.0,100.0,0.0,1.9
2023,3165602,Senador Cortes,64,5.0761,17.8,16.9,0.0,60.0,40.0,0.0,0.7
2023,3169109,Toledo,226,5.2144,18.9,30.9,0.0,16.7,83.3,0.0,2.5
2023,3169059,Tocos do Moji,125,5.3852,9.8,15.3,0.0,0.0,80.0,20.0,0.0
2023,3148756,Pedra Bonita,231,4.8435,11.4,18.3,8.3,33.3,58.4,0.0,2.0
2023,3162609,São João do Oriente,241,4.9859,13.3,27.9,0.0,66.7,33.3,0.0,1.8
2023,3150570,Pintópolis,279,4.4237,9.1,24.7,0.0,28.6,57.1,14.3,2.4
2023,3166204,Senhora dos Remédios,265,4.7872,4.0,19.9,12.5,50.0,37.5,0.0,0.2
2023,3162450,São João das Missões,147,4.3759,21.5,12.6,0.0,6.3,56.3,37.4,4.9
2023,3166402,Seritinga,65,4.9917,12.1,22.8,0.0,50.0,50.0,0.0,0.0
2023,3151503,Piumhi,802,5.0927,6.5,34.4,30.0,55.0,15.0,0.0,1.1
2023,3162948,São José da Barra,236,5.3196,7.4,27.8,14.3,57.1,28.6,0.0,0.5
2023,3151107,Pirapetinga,225,4.9338,14.1,19.7,14.3,42.9,42.8,0.0,0.2
2023,3148400,Paulistas,171,4.5705,11.4,20.7,0.0,40.0,60.0,0.0,4.1
2023,3162104,São Gotardo,1111,5.0144,15.2,30.3,23.8,52.4,23.8,0.0,3.0
2023,3144375,Natalândia,126,4.7508,9.5,24.4,0.0,0.0,100.0,0.0,0.0
2023,3162559,São João do Manhuaçu,304,4.9911,11.1,20.5,0.0,42.9,57.1,0.0,3.9
2023,3162401,São João da Ponte,724,4.2998,14.7,21.1,9.7,38.7,48.4,3.2,1.4
2023,3140704,Mateus Leme,995,5.1801,18.0,33.3,6.7,46.7,46.6,0.0,0.8
2023,3161809,São Gonçalo do Pará,326,5.1368,4.1,29.7,0.0,44.4,55.6,0.0,0.0
2023,3167806,Soledade de Minas,159,5.1647,17.0,30.0,0.0,0.0,75.0,25.0,0.0
2023,3138658,Lontra,295,4.7063,9.8,22.6,14.3,14.3,42.9,28.5,0.5
2023,3138674,Luisburgo,189,4.9143,16.9,32.6,0.0,0.0,44.4,55.6,6.8
2023,3149002,Pedra Dourada,108,4.8827,9.5,16.9,0.0,0.0,100.0,0.0,1.7
2023,3162203,São João Batista do Glória,206,5.3151,6.3,29.3,25.0,0.0,75.0,0.0,1.2
2023,3164001,São Pedro dos Ferros,207,4.7008,18.4,24.0,0.0,85.7,14.3,0.0,1.9
2023,3162005,São Gonçalo do Sapucaí,690,5.0811,12.0,26.2,5.9,17.6,76.5,0.0,1.1
2023,3149200,Pedrinópolis,94,5.3945,18.3,21.9,25.0,0.0,75.0,0.0,0.0
2023,3137304,Lagoa dos Patos,120,4.6428,8.0,25.0,0.0,66.7,33.3,0.0,2.5
2023,3165701,Senador Firmino,258,5.0085,8.5,29.7,0.0,0.0,100.0,0.0,0.0
2023,3164506,São Sebastião do Maranhão,270,4.4989,2.9,22.4,22.2,33.3,33.3,11.2,1.8
2023,3169505,Tumiritinga,186,4.8393,8.2,20.9,0.0,75.0,25.0,0.0,0.3
2023,3164472,São Sebastião do Anta,179,4.866,10.0,18.2,0.0,33.3,66.7,0.0,0.0
2023,3164308,São Roque de Minas,181,5.1375,5.8,23.7,0.0,42.9,28.6,28.5,0.0
2023,3164431,São Sebastião da Vargem Alegre,97,5.0146,11.1,18.1,0.0,20.0,80.0,0.0,0.9
2023,3148103,Patrocínio,2487,5.2067,11.6,25.8,4.8,28.6,54.8,11.8,1.0
2023,3161205,São Francisco de Paula,166,4.9923,10.9,32.1,0.0,25.0,50.0,25.0,0.8
2023,3163706,São Lourenço,1015,5.1874,16.5,27.9,11.1,27.8,50.0,11.1,0.8
2023,3149507,Pequeri,87,5.1209,27.8,19.8,20.0,40.0,40.0,0.0,1.6
2023,3163904,São Pedro da União,167,5.1018,9.9,31.5,0.0,0.0,75.0,25.0,0.4
2023,3163607,São José do Mantimento,79,5.0242,10.6,22.4,0.0,14.3,85.7,0.0,0.6
2023,3163805,São Miguel do Anta,213,4.7515,13.7,24.7,0.0,60.0,40.0,0.0,0.0
2023,3151305,Piraúba,313,4.9688,17.8,23.0,0.0,42.9,42.9,14.2,2.9
2023,3167301,Silveirânia,79,5.0075,13.8,24.9,0.0,33.3,66.7,0.0,1.8
2023,3163300,São José do Divino,127,4.8428,13.2,29.4,0.0,33.3,66.7,0.0,2.2
2023,3163102,São José da Varginha,116,5.0091,9.3,29.6,12.5,25.0,37.5,25.0,0.9
2023,3162906,São João Nepomuceno,473,5.0197,22.2,23.5,17.4,34.8,30.4,17.4,1.5
2023,3137908,Lamim,102,4.8081,7.8,25.5,0.0,71.4,14.3,14.3,1.0
2023,3167707,Sobrália,117,5.0215,9.6,16.9,0.0,50.0,50.0,0.0,1.1
2023,3162807,São João Evangelista,621,4.8669,7.9,21.9,0.0,46.2,53.8,0.0,0.5
2023,3151404,Pitangui,728,5.1417,8.6,24.1,29.4,17.6,53.0,0.0,1.2
2023,3148806,Pedra do Anta,82,4.6281,27.1,20.6,0.0,0.0,100.0,0.0,2.2
2023,3137536,Lagoa Grande,261,4.9958,8.5,30.5,0.0,0.0,100.0,0.0,0.5
2023,3162575,São João do Manteninha,126,5.0239,7.1,25.6,0.0,40.0,60.0,0.0,2.5
2023,3140100,Marilac,138,4.7697,13.6,29.5,0.0,33.3,66.7,0.0,0.5
2023,3151206,Pirapora,1503,4.9553,12.3,29.0,0.0,24.2,48.5,27.3,1.7
2023,3151008,Piranguinho,270,5.1814,11.3,31.1,0.0,28.6,42.9,28.5,2.2
2023,3140555,Mata Verde,296,4.463,19.7,25.1,0.0,60.0,20.0,20.0,1.9
2023,3167004,Serranos,55,4.8021,14.9,17.4,0.0,0.0,100.0,0.0,1.2
2023,3148707,Pedra Azul,662,4.6069,9.9,30.2,6.3,68.8,18.8,6.1,1.3
2023,3166956,Serranópolis de Minas,131,4.4006,6.0,18.8,28.6,42.9,28.5,0.0,1.8
2023,3144300,Nanuque,903,4.822,18.8,26.1,4.3,34.8,60.9,0.0,1.8
2023,3168309,Taquaraçu de Minas,115,5.0799,4.0,27.7,0.0,0.0,100.0,0.0,0.0
2023,3150703,Pirajuba,209,5.0827,16.3,29.0,0.0,0.0,100.0,0.0,1.9
2023,3166600,Serra da Saudade,14,5.3971,10.7,7.0,0.0,0.0,100.0,0.0,0.0
2023,3162922,São Joaquim de Bicas,977,5.1054,17.1,26.2,14.3,35.7,50.0,0.0,0.8
2023,3144359,Naque,238,5.0145,4.9,25.6,0.0,0.0,66.7,33.3,0.7
2023,3144508,Nazareno,253,4.9512,5.4,25.9,0.0,0.0,33.3,66.7,1.8
2023,3151701,Poço Fundo,365,5.2086,4.5,26.6,11.1,44.4,44.5,0.0,0.6
2023,3148608,Peçanha,359,4.4343,3.5,19.1,0.0,8.3,91.7,0.0,0.4
2023,3140803,Matias Barbosa,314,5.1003,21.4,30.0,0.0,0.0,100.0,0.0,1.6
2023,3168903,Tiros,219,5.3351,13.5,29.7,16.7,33.3,33.3,16.7,7.3
2023,3169000,Tocantins,363,5.0114,8.6,32.5,0.0,25.0,75.0,0.0,0.5
2023,3165909,Senador Modestino Gonçalves,143,4.2807,9.5,29.0,10.0,60.0,20.0,10.0,0.0
2023,3168002,Taiobeiras,1106,4.7663,5.9,31.2,15.4,61.5,23.1,0.0,0.9
2023,3150539,Pingo-d'Água,172,4.9033,10.2,31.4,25.0,50.0,25.0,0.0,2.5
2023,3165578,Senador Amaral,241,5.0099,10.0,25.8,0.0,25.0,75.0,0.0,4.5
2023,3152105,Ponte Nova,1069,5.0574,25.2,22.9,3.1,31.3,65.6,0.0,2.0
2023,3150307,Piedade do Rio Grande,120,4.838,3.0,24.6,0.0,0.0,75.0,25.0,2.0
2023,3165537,Sarzedo,1160,5.3907,10.5,31.4,0.0,40.0,46.7,13.3,2.0
2023,3168705,Timóteo,1867,5.3271,9.7,24.8,13.3,26.7,56.7,3.3,1.3
2023,3144672,Nova Belém,97,4.7613,16.5,24.3,22.2,55.6,22.2,0.0,4.3
2023,3138625,Limeira do Oeste,200,5.2096,15.7,28.9,0.0,25.0,75.0,0.0,2.2
2023,3146404,Paineiras,101,5.0784,16.7,24.0,0.0,25.0,75.0,0.0,1.9
2023,3144805,Nova Lima,2093,5.316,21.8,32.1,0.0,17.2,62.1,20.7,2.2
2023,3170057,Ubaporanga,431,4.8823,9.8,25.8,23.1,30.8,23.1,23.0,1.9
2023,3144656,Ninheira,281,4.5212,10.8,26.3,7.7,53.8,30.8,7.7,3.9
2023,3164803,São Sebastião do Rio Preto,59,4.6863,3.0,16.8,0.0,50.0,0.0,50.0,0.0
2023,3160801,São Bento Abade,184,4.9989,13.4,30.5,0.0,33.3,66.7,0.0,3.0
2023,3145604,Oliveira,906,5.1381,5.5,28.6,4.5,31.8,63.7,0.0,0.5
2023,3146701,Palma,119,4.6417,11.2,17.9,16.7,33.3,50.0,0.0,0.0
2023,3144904,Nova Módica,114,4.5902,9.3,28.3,0.0,50.0,33.3,16.7,0.9
2023,3137700,Lajinha,491,4.8317,10.6,22.2,20.0,24.0,48.0,8.0,2.5
2023,3160603,Santo Hipólito,72,4.54,7.5,17.0,14.3,14.3,57.1,14.3,0.0
2023,3139904,Maria da Fé,371,5.0536,8.6,22.1,15.4,15.4,69.2,0.0,0.3
2023,3157658,Santa Helena de Minas,177,4.5303,32.1,23.2,0.0,0.0,40.0,60.0,2.8
2023,3147907,Passos,2911,5.3263,6.4,27.3,7.1,33.3,59.6,0.0,1.2
2023,3139003,Machado,920,5.2385,9.6,27.2,0.0,27.3,72.7,0.0,3.8
2023,3146750,Palmópolis,181,4.2828,14.2,21.1,0.0,0.0,71.4,28.6,1.4
2023,3138609,Lima Duarte,464,4.9017,17.1,25.2,20.0,40.0,40.0,0.0,0.3
2023,3139706,Maravilhas,239,4.819,20.6,25.4,0.0,0.0,100.0,0.0,6.0
2023,3146602,Paiva,47,5.3219,4.9,15.3,0.0,66.7,33.3,0.0,0.0
2023,3142908,Monte Azul,520,4.7177,2.6,17.2,15.8,68.4,15.8,0.0,0.1
2023,3160504,Santo Antônio do Rio Abaixo,81,4.805,10.8,24.0,0.0,0.0,100.0,0.0,0.0
2023,3153004,Pratinha,116,5.3301,21.9,22.3,0.0,0.0,100.0,0.0,2.5
2023,3138500,Liberdade,145,4.8392,19.2,27.4,0.0,0.0,100.0,0.0,3.2
2023,3139607,Mantena,692,4.857,6.3,26.0,0.0,46.2,53.8,0.0,1.3
2023,3170404,Unaí,2270,5.1373,9.8,24.4,7.7,41.0,46.2,5.1,0.6
2023,3160454,Santo Antônio do Retiro,266,4.5011,2.9,18.1,0.0,40.0,60.0,0.0,0.0
2023,3145406,Olaria,56,5.0557,18.5,7.4,0.0,66.7,33.3,0.0,0.8
2023,3161056,São Félix de Minas,97,4.7683,8.0,21.9,0.0,50.0,50.0,0.0,1.7
2023,3143153,Monte Formoso,148,3.9464,4.5,29.7,9.1,9.1,45.5,36.3,0.0
2023,3148004,Patos de Minas,3534,5.3506,9.7,26.3,8.3,51.7,33.3,6.7,1.4
2023,3146552,Pai Pedro,244,4.2895,6.8,21.7,0.0,14.3,71.4,14.3,0.3
2023,3170701,Varginha,2599,5.3722,12.2,27.4,0.0,48.9,48.9,2.2,2.0
2023,3153608,Prudente de Morais,324,5.0148,14.2,26.7,0.0,44.4,44.4,11.2,1.9
2023,3155207,Rio Espera,106,4.7448,4.8,23.4,0.0,40.0,60.0,0.0,0.0
2023,3152501,Pouso Alegre,3607,5.3297,13.0,26.8,2.0,55.1,40.8,2.1,1.9
2023,3171071,Veredinha,189,4.6736,4.5,20.3,0.0,16.7,83.3,0.0,0.4
2023,3170529,Urucuia,361,4.5298,10.2,20.3,0.0,62.5,37.5,0.0,2.8
2023,3170503,Urucânia,267,4.8875,20.4,28.8,0.0,28.6,71.4,0.0,4.2
2023,3155405,Rio Novo,181,4.9737,13.9,27.6,0.0,14.3,71.4,14.3,7.0
2023,3171709,Virgínia,264,4.9917,8.3,30.5,40.0,40.0,20.0,0.0,1.1
